"artifact_id"	"artifact_category"	"artifact"	"panel_or_sheet"	"final_filename"	"current_final_artifact_path"	"manuscript_source_path"	"workflow_output_path"	"final_assembly_or_export_source"	"source_component_or_original_output"	"generating_script"	"line_start"	"line_end"	"function_or_section"	"export_call"	"key_objects"	"input_files"	"intermediate_files"	"evidence_for_match"	"confidence"	"source_override_or_correction"	"notes"
"FIG1A"	"main_figure"	"Figure_1"	"A"	"Figure_1.pdf"	"Figures_Exported/Final_Feb2026/Figure_1.pdf"	"Figures_Exported/Final_Feb2026/Figure_1.pdf"	"reproducible_workflow/outputs/main_figures/Figure_1.pdf"	"PowerPoint slide 2 in Revision 1 prep/cfWGS_MRD_MM_Figures_Revision1_slim.pptx (4 embedded image assets)"	"Final Tables and Figures/Figure1A_swimplot_with_3_annotations_wide_updated10A.png"	"Scripts_2025/Final_Scripts/2_1_Part2_Cohort_Swim_Plot.R"	2641	2693	"Swim plot with three annotation tracks"	"ggsave(..., filename = 'Figure1A_swimplot_with_3_annotations_wide_updated10A.png')"	"p; all_events_for_swim_plot; treatment/relapse annotation objects"	"clinical metadata and treatment/MRD event tables generated upstream"	"Supplementary_Table_1_all_events_for_swim_plot.csv; swim plot PNG"	"Filename, visual content, panel text, and matching event table export support this mapping."	"confirmed"	""	"The final PDF was assembled outside this script from the exported PNG."
"FIG1B"	"main_figure"	"Figure_1"	"B"	"Figure_1.pdf"	"Figures_Exported/Final_Feb2026/Figure_1.pdf"	"Figures_Exported/Final_Feb2026/Figure_1.pdf"	"reproducible_workflow/outputs/main_figures/Figure_1.pdf"	"PowerPoint slide 2 in Revision 1 prep/cfWGS_MRD_MM_Figures_Revision1_slim.pptx (4 embedded image assets)"	"Table for creating sample flowchart updated3.csv; final visual panel created in Lucidchart/PowerPoint from this source table"	"Scripts_2025/Final_Scripts/1_6_Identify_High_Quality_Patient_Pairs.R"	356	453	"High-quality sample-pair counts used for flowchart"	"read sample-availability spreadsheet; join cohort_assignment_table_updated.rds; derive high_quality_BM/high_quality_cfDNA from All_feature_data_August2025.rds; write.csv(..., 'Table for creating sample flowchart updated3.csv')"	"failed_info; cohort_df; bm_good_patients; cfDNA_good_patients; high_quality_BM; high_quality_cfDNA"	"summary_table_of_samples_and_patient_availability_cfWGS - for making the flow chart of samples.xlsx; cohort_assignment_table_updated.rds; Jan2025_exported_data/All_feature_data_August2025.rds"	"Table for creating sample flowchart updated3.csv; Lucidchart/PowerPoint flowchart image"	"The source count table is regenerated byte-identically from code; the flowchart graphic itself remains external Lucidchart/PowerPoint assembly."	"probable"	""	"manual_assembly_required; Generated mode regenerates the exact source table, but final Figure 1B visual assembly remains manual."
"FIG2A"	"main_figure"	"Figure_2"	"A"	"Figure_2.pdf"	"Figures_Exported/Final_Feb2026/Figure_2.pdf"	"Figures_Exported/Final_Feb2026/Figure_2.pdf"	"reproducible_workflow/outputs/main_figures/Figure_2.pdf"	"PowerPoint slide 3 in Revision 1 prep/cfWGS_MRD_MM_Figures_Revision1_slim.pptx (5 embedded image assets)"	"Final Tables and Figures/Longitudinal tracking deanonymized/CA-08_cVAF_vsHealthy_updated.png; Final Tables and Figures/Longitudinal tracking deanonymized/CA-02_cVAF_vsHealthy_updated.png"	"Scripts_2025/Final_Scripts/2_4_Longitudinal_features_analysis.R"	1797	1984	"Patient-level longitudinal cVAF examples for the two final Figure 2A patients"	"ggsave(..., '<patient>_cVAF_vsHealthy_updated.png')"	"combined_long; cVAF summaries; patient-level mutation tracking; id_map"	"mutation feature tables and longitudinal sample metadata; Merged_MRDetect_zscore; id_map.rds"	"CA-08_cVAF_vsHealthy_updated.png; CA-02_cVAF_vsHealthy_updated.png"	"PowerPoint component review found exact local matches for the two final Figure 2A embedded patient-level cVAF PNG panels."	"probable"	""	"Generated mode preserves the two exact retained PPT components. True redraw remains cached-intermediate because the original patient-level plotting block depends on longitudinal mutation-tracking objects and de-identification state that are not yet fully reconstructed in generate mode."
"FIG2B"	"main_figure"	"Figure_2"	"B"	"Figure_2.pdf"	"Figures_Exported/Final_Feb2026/Figure_2.pdf"	"Figures_Exported/Final_Feb2026/Figure_2.pdf"	"reproducible_workflow/outputs/main_figures/Figure_2.pdf"	"PowerPoint slide 3 in Revision 1 prep/cfWGS_MRD_MM_Figures_Revision1_slim.pptx (5 embedded image assets)"	"Figure_2B_all_evaluable_BM_zscore_longitudinal.png"	"Scripts_2025/Final_Scripts/2_4B_Build_all_evaluable_longitudinal_panels.R"	2440	2641	"All-evaluable longitudinal panel export"	"ggsave(..., 'Figure_2B_all_evaluable_BM_zscore_longitudinal.png'); ms_copy_artifact(...)"	"all-evaluable longitudinal plotting data and panel objects"	"Final_aggregate_table_cfWGS_features_with_clinical_and_demographics_updated9.rds; cohort_assignment_table_updated.rds; baseline_high_quality_patients_updated.csv; Exported_data_tables_clinical/Censor_dates_per_patient_for_PFS_updated.rds"	"Figure_2B_all_evaluable_BM_zscore_longitudinal.png; matching source-data CSV"	"Current export call and artifact registration in 2_4B identify this panel."	"confirmed"	""	"The script writes the individual panel and source data. Final multi-panel assembly is performed separately."
"FIG2C"	"main_figure"	"Figure_2"	"C"	"Figure_2.pdf"	"Figures_Exported/Final_Feb2026/Figure_2.pdf"	"Figures_Exported/Final_Feb2026/Figure_2.pdf"	"reproducible_workflow/outputs/main_figures/Figure_2.pdf"	"PowerPoint slide 3 in Revision 1 prep/cfWGS_MRD_MM_Figures_Revision1_slim.pptx (5 embedded image assets)"	"Figure_2C_all_evaluable_blood_zscore_longitudinal_capped300.png"	"Scripts_2025/Final_Scripts/2_4B_Build_all_evaluable_longitudinal_panels.R"	2440	2641	"All-evaluable longitudinal panel export"	"ggsave(..., 'Figure_2C_all_evaluable_blood_zscore_longitudinal_capped300.png'); ms_copy_artifact(...)"	"all-evaluable longitudinal plotting data and panel objects"	"Final_aggregate_table_cfWGS_features_with_clinical_and_demographics_updated9.rds; cohort_assignment_table_updated.rds; baseline_high_quality_patients_updated.csv; Exported_data_tables_clinical/Censor_dates_per_patient_for_PFS_updated.rds"	"Figure_2C_all_evaluable_blood_zscore_longitudinal_capped300.png; matching source-data CSV"	"Current export call and artifact registration in 2_4B identify this panel."	"confirmed"	""	"The script writes the individual panel and source data. Final multi-panel assembly is performed separately."
"FIG2D"	"main_figure"	"Figure_2"	"D"	"Figure_2.pdf"	"Figures_Exported/Final_Feb2026/Figure_2.pdf"	"Figures_Exported/Final_Feb2026/Figure_2.pdf"	"reproducible_workflow/outputs/main_figures/Figure_2.pdf"	"PowerPoint slide 3 in Revision 1 prep/cfWGS_MRD_MM_Figures_Revision1_slim.pptx (5 embedded image assets)"	"Figure_2D_all_evaluable_fragmentomics_longitudinal.png"	"Scripts_2025/Final_Scripts/2_4B_Build_all_evaluable_longitudinal_panels.R"	2440	2641	"All-evaluable longitudinal panel export"	"ggsave(..., 'Figure_2D_all_evaluable_fragmentomics_longitudinal.png'); ms_copy_artifact(...)"	"all-evaluable longitudinal plotting data and panel objects"	"Final_aggregate_table_cfWGS_features_with_clinical_and_demographics_updated9.rds; cohort_assignment_table_updated.rds; baseline_high_quality_patients_updated.csv; Exported_data_tables_clinical/Censor_dates_per_patient_for_PFS_updated.rds"	"Figure_2D_all_evaluable_fragmentomics_longitudinal.png; matching source-data CSV"	"Current export call and artifact registration in 2_4B identify this panel."	"confirmed"	""	"The script writes the individual panel and source data. Final multi-panel assembly is performed separately."
"FIG2E"	"main_figure"	"Figure_2"	"E"	"Figure_2.pdf"	"Figures_Exported/Final_Feb2026/Figure_2.pdf"	"Figures_Exported/Final_Feb2026/Figure_2.pdf"	"reproducible_workflow/outputs/main_figures/Figure_2.pdf"	"Final multi-panel assembly is performed separately from the analysis scripts."	"final_manuscript_objects/01_main_figures/Figure_2/Figure_2E/Fig_2E.png"	"Scripts_2025/Final_Scripts/2_4B_Build_all_evaluable_longitudinal_panels.R"	1237	2450	"Terminal evaluable sample comparison by relapse status"	"ggsave(..., 'Figure_2_terminal_sample_comparison_strip.png'); file.copy(..., 'Fig_2E.png')"	"terminal_point_data; terminal_statistics; terminal_group_counts; figure2_terminal_strip"	"All-evaluable longitudinal data assembled within 2_4B"	"Fig_2E.png; terminal_sample_patient_level_source_data.csv; terminal_sample_group_statistics.csv"	"Current script writes the terminal-sample strip and copies it to the Figure 2E panel folder."	"confirmed"	""	"One terminal evaluable sample per patient and metric; patient-level Wilcoxon comparisons are adjusted across 12 tests using Benjamini-Hochberg."
"FIG3A"	"main_figure"	"Figure_3"	"A"	"Figure_3.pdf"	"Figures_Exported/Final_Feb2026/Figure_3.pdf"	"Figures_Exported/Final_Feb2026/Figure_3.pdf"	"reproducible_workflow/outputs/main_figures/Figure_3.pdf"	"PowerPoint slide 4 in Revision 1 prep/cfWGS_MRD_MM_Figures_Revision1_slim.pptx (5 embedded image assets)"	"Figure3A_BM_all_models_compact_updated_ROC.png"	"Scripts_2025/Final_Scripts/6_17_Generate_Compact_All_Model_Grouped_CV_ROC_Panels.R"	182	240	"Compact all-model mean outer-fold ROC panel"	"save_panel(..., 'Figure3A_BM_all_models_compact_updated_ROC')"	"figure_3a; BM mean ROC curves; panel_statistics"	"Completed 50-repeat combined patient-grouped repeated nested-CV output from 6_13"	"Figure3A_BM_all_models_compact_updated_ROC.png; compact_all_model_mean_roc_source_data.csv; compact_all_model_panel_statistics.csv"	"Current main-panel generator reads the completed grouped nested-CV result and writes the compact ROC panel."	"confirmed"	""	"Uses 50 repeated outer five-fold splits and five repeated inner five-fold splits. The plotting script does not refit models."
"FIG3B"	"main_figure"	"Figure_3"	"B"	"Figure_3.pdf"	"Figures_Exported/Final_Feb2026/Figure_3.pdf"	"Figures_Exported/Final_Feb2026/Figure_3.pdf"	"reproducible_workflow/outputs/main_figures/Figure_3.pdf"	"PowerPoint slide 4 in Revision 1 prep/cfWGS_MRD_MM_Figures_Revision1_slim.pptx (5 embedded image assets)"	"Fig4C_confusion_tables_primary_updated5.png; Fig4C_confusion_tables_test5.png"	"Scripts_2025/Final_Scripts/3_1_Optimize_cfWGS_thresholds.R"	3942	4100	"BM model confusion matrices"	"ggsave(..., 'Fig4C_confusion_tables_primary_updated5.png'); ggsave(..., 'Fig4C_confusion_tables_test5.png')"	"nested_bm_validation_updated5.rds; cached BM caret models and thresholds; reconstructed train_bm/hold_bm; cm_df; p_tables"	"Final_aggregate_table_cfWGS_features_with_clinical_and_demographics_updated9.rds; cohort_assignment_table_updated.rds; baseline_high_quality_patients_updated.csv"	"BM confusion-matrix PNGs; nested_bm_validation_updated5.rds; Figure_3B_BM_train_confusion_source_data.csv; Figure_3B_BM_test_confusion_source_data.csv"	"Visual layout and train/test confusion-matrix labels match Figure 3B."	"confirmed"	""	"Generated mode attempts to rebuild these panels by applying cached caret models and thresholds to reconstructed BM training/test feature inputs. Training reconstruction is checked against cached outer-prediction row counts and truth distributions. If the current reconstruction does not exactly match the frozen model/prediction inputs, the retained manuscript component is copied and marked requires_cached_intermediate rather than refitting models, recomputing thresholds, or silently changing values."
"FIG3C"	"main_figure"	"Figure_3"	"C"	"Figure_3.pdf"	"Figures_Exported/Final_Feb2026/Figure_3.pdf"	"Figures_Exported/Final_Feb2026/Figure_3.pdf"	"reproducible_workflow/outputs/main_figures/Figure_3.pdf"	"PowerPoint slide 4 in Revision 1 prep/cfWGS_MRD_MM_Figures_Revision1_slim.pptx (5 embedded image assets)"	"Final Tables and Figures/Fig3C_dilution_feature_rho_all_patients_with_series_points.png"	"Scripts_2025/Final_Scripts/3_1C_Summarize_dilution_correlations_across_patients.R"	519	1000	"Patient-weighted dilution-series correlation panel"	"ggsave(..., 'Fig3C_dilution_feature_rho_all_patients_with_series_points.png'); ms_copy_artifact(...)"	"all_four_replicate_rho; all_four_patient_rho; all_four_overall_rho; p_all_four_with_series"	"Point-level dilution source tables written by 3_1_part2_Apply_cfWGS_thresholds_to_dilution_series.R"	"Fig3C_dilution_feature_rho_all_patients_with_series_points.png; SourceData_Figure3C_dilution_feature_rho_all_four_patients.csv"	"Current script averages technical replicates within patient and gives each of four patients equal weight."	"confirmed"	""	"The pooled 48-library correlation remains supporting data for Supplementary Table 7 and is not used as the main Figure 3C panel."
"FIG3D"	"main_figure"	"Figure_3"	"D"	"Figure_3.pdf"	"Figures_Exported/Final_Feb2026/Figure_3.pdf"	"Figures_Exported/Final_Feb2026/Figure_3.pdf"	"reproducible_workflow/outputs/main_figures/Figure_3.pdf"	"PowerPoint slide 4 in Revision 1 prep/cfWGS_MRD_MM_Figures_Revision1_slim.pptx (5 embedded image assets)"	"Output_figures_2025/Fig_4I_BM_positivity_by_tech_facet7.png"	"Scripts_2025/Final_Scripts/3_2_Plot_optimal_cutoff_and_clinical_concordance.R"	680	760	"BM MRD positivity by technology"	"ggsave(..., 'Fig_4I_BM_positivity_by_tech_facet7.png')"	"Fig_4I_BM_positivity_by_tech_facet6_source_data.csv; BM cfWGS calls; MFC; clonoSEQ; EasyM status"	"Output_tables_2025/Source_data/Fig_4I_BM_positivity_by_tech_facet6_source_data.csv"	"BM positivity-by-technology PNG; Figure_3D_BM_positivity_by_technology_source_data.csv"	"PPT extracted component for Figure 3D exactly matches Output_figures_2025/Fig_4I_BM_positivity_by_tech_facet7.png; older Final Tables and Figures copies are lower-resolution stale exports."	"confirmed"	""	"Generated mode redraws this panel from the exported faceted BM positivity source-data CSV. The source-data filename/label still says facet6, while the manuscript/PPT component is facet7; no model rescoring or threshold recomputation is performed."
"FIG3E"	"main_figure"	"Figure_3"	"E"	"Figure_3.pdf"	"Figures_Exported/Final_Feb2026/Figure_3.pdf"	"Figures_Exported/Final_Feb2026/Figure_3.pdf"	"reproducible_workflow/outputs/main_figures/Figure_3.pdf"	"PowerPoint slide 4 in Revision 1 prep/cfWGS_MRD_MM_Figures_Revision1_slim.pptx (5 embedded image assets)"	"Fig4K_cfWGS_vs_MFC_clonoSEQ_EasyM_BM_muts_updated5.png"	"Scripts_2025/Final_Scripts/3_2_Plot_optimal_cutoff_and_clinical_concordance.R"	3060	3288	"BM cfWGS comparison to MFC, clonoSEQ, and EasyM"	"ggsave(..., 'Fig4K_cfWGS_vs_MFC_clonoSEQ_EasyM_BM_muts_updated5.png')"	"Fig4K_cfWGS_vs_clinical_assays_EasyM_BM_source_data.csv; EasyM reference-threshold guide lines; deterministic Spearman labels; fixed cfWGS threshold and clonoSEQ/MFC LOD"	"exported BM point-level cfWGS-vs-clinical-assay/EasyM source data with EasyM reference-threshold guide lines"	"Fig4K_cfWGS_vs_MFC_clonoSEQ_EasyM_BM_muts_updated5.png; Fig4K_cfWGS_vs_clinical_assays_EasyM_BM_source_data.csv; Fig4K_cfWGS_vs_clinical_assays_EasyM_BM_correlations.csv; Supplementary_Table_8_model_comparisons_to_clinical_metrics.xlsx"	"Filename, assay labels, and table 8 comparison mapping support this source."	"confirmed"	""	"Generated mode redraws this panel from the exported point-level source-data CSV; Spearman labels are recomputed deterministically from exported points. No model rescoring, call recomputation, or threshold recomputation is performed. Section also contributes to Supplementary Table 8."
"FIG3F"	"main_figure"	"Figure_3"	"F"	"Figure_3.pdf"	"Figures_Exported/Final_Feb2026/Figure_3.pdf"	"Figures_Exported/Final_Feb2026/Figure_3.pdf"	"reproducible_workflow/outputs/main_figures/Figure_3.pdf"	"PowerPoint slide 4 in Revision 1 prep/cfWGS_MRD_MM_Figures_Revision1_slim.pptx (5 embedded image assets)"	"Output_tables_2025/detection_progression_updated6/1yr_maintenance/KM_cfWGS of BM-Derived Mutations (cVAF Model)_One-Year Maintenance_updated_no_CI.png"	"Scripts_2025/Final_Scripts/4_1_Survival_Analysis.R"	342	689	"One-year maintenance Kaplan-Meier/PFS plot for BM-derived cfWGS model"	"ggsave(..., 'KM_cfWGS of BM-Derived Mutations (cVAF Model)_One-Year Maintenance_updated_no_CI.png')"	"survfit objects; one-year maintenance cohort; cfWGS BM-derived calls; first sample per patient; 30.44 days/month; no-CI KM/risk-table settings"	"Exported_data_tables_clinical/Censor_dates_per_patient_for_PFS_updated.rds; Output_tables_2025/all_patients_with_BM_and_blood_calls_updated6.rds; Output_EasyM_MRD_analysis_2025/EasyM_all_samples_with_optimized_calls.csv"	"KM no-CI PNG; Figure_3F_BM_cVAF_model_one_year_maintenance_KM_source_data.csv; Supplementary_Table_9_timewindow_results_test_cohort.xlsx"	"Kaplan-Meier labels, one-year maintenance wording, and output filename match Figure 3F."	"confirmed"	""	"Generated mode rebuilds the one-year-maintenance survival table from cached censor dates and cached cfWGS/clinical-call inputs, then redraws the final no-CI Kaplan-Meier panel with the original first-sample-per-patient, log-rank p-value, risk table, color, and label settings. No model rescoring, threshold recomputation, or training-model refitting is performed."
"FIG4A"	"main_figure"	"Figure_4"	"A"	"Figure_4.pdf"	"Figures_Exported/Final_Feb2026/Figure_4.pdf"	"Figures_Exported/Final_Feb2026/Figure_4.pdf"	"reproducible_workflow/outputs/main_figures/Figure_4.pdf"	"PowerPoint slide 5 in Revision 1 prep/cfWGS_MRD_MM_Figures_Revision1_slim.pptx (4 embedded image assets)"	"Figure4A_Blood_all_models_compact_updated_ROC.png"	"Scripts_2025/Final_Scripts/6_17_Generate_Compact_All_Model_Grouped_CV_ROC_Panels.R"	182	240	"Compact all-model mean outer-fold ROC panel"	"save_panel(..., 'Figure4A_Blood_all_models_compact_updated_ROC')"	"figure_4a; blood mean ROC curves; panel_statistics"	"Completed 50-repeat combined patient-grouped repeated nested-CV output from 6_13"	"Figure4A_Blood_all_models_compact_updated_ROC.png; compact_all_model_mean_roc_source_data.csv; compact_all_model_panel_statistics.csv"	"Current main-panel generator reads the completed grouped nested-CV result and writes the compact ROC panel."	"confirmed"	""	"Uses 50 repeated outer five-fold splits and five repeated inner five-fold splits. The plotting script does not refit models."
"FIG4B"	"main_figure"	"Figure_4"	"B"	"Figure_4.pdf"	"Figures_Exported/Final_Feb2026/Figure_4.pdf"	"Figures_Exported/Final_Feb2026/Figure_4.pdf"	"reproducible_workflow/outputs/main_figures/Figure_4.pdf"	"PowerPoint slide 5 in Revision 1 prep/cfWGS_MRD_MM_Figures_Revision1_slim.pptx (4 embedded image assets)"	"Fig5C_confusion_tables_primary_blood6.png; Fig5C_confusion_tables_test_blood6.png"	"Scripts_2025/Final_Scripts/3_1_Optimize_cfWGS_thresholds.R"	4278	4432	"cfDNA-derived/blood model confusion matrices"	"ggsave(..., 'Fig5C_confusion_tables_primary_blood6.png'); ggsave(..., 'Fig5C_confusion_tables_test_blood6.png')"	"nested_blood_validation_updated5.rds; cached blood/cfDNA caret models and thresholds; reconstructed train_blood/hold_blood; cm_df; p_tables"	"Final_aggregate_table_cfWGS_features_with_clinical_and_demographics_updated9.rds; cohort_assignment_table_updated.rds; baseline_high_quality_patients_updated.csv"	"blood model confusion-matrix PNGs; nested_blood_validation_updated5.rds; Figure_4B_blood_train_confusion_source_data.csv; Figure_4B_blood_test_confusion_source_data.csv"	"Visual layout and train/test confusion-matrix labels match Figure 4B."	"confirmed"	""	"Generated mode attempts to rebuild these panels by applying cached caret models and thresholds to reconstructed blood/cfDNA training/test feature inputs. Training reconstruction is checked against cached outer-prediction row counts and truth distributions. If the current reconstruction does not exactly match the frozen model/prediction inputs, the retained manuscript component is copied and marked requires_cached_intermediate rather than refitting models, recomputing thresholds, or silently changing values."
"FIG4C"	"main_figure"	"Figure_4"	"C"	"Figure_4.pdf"	"Figures_Exported/Final_Feb2026/Figure_4.pdf"	"Figures_Exported/Final_Feb2026/Figure_4.pdf"	"reproducible_workflow/outputs/main_figures/Figure_4.pdf"	"PowerPoint slide 5 in Revision 1 prep/cfWGS_MRD_MM_Figures_Revision1_slim.pptx (4 embedded image assets)"	"Output_figures_2025/Fig_5I_Blood_positivity_by_tech_facet_updated6.png"	"Scripts_2025/Final_Scripts/3_2_Plot_optimal_cutoff_and_clinical_concordance.R"	1020	1090	"Blood/cfDNA MRD positivity by technology"	"ggsave(..., 'Fig_5I_Blood_positivity_by_tech_facet_updated6.png')"	"all_patients_with_BM_and_blood_calls_updated6.rds; EasyM_all_samples_with_optimized_calls.csv; blood cfWGS calls; MFC; clonoSEQ; EasyM status"	"Output_tables_2025/all_patients_with_BM_and_blood_calls_updated6.rds; Output_EasyM_MRD_analysis_2025/EasyM_all_samples_with_optimized_calls.csv"	"blood positivity-by-technology PNG; Figure_4C_blood_positivity_by_technology_source_data.csv"	"PPT extracted component for Figure 4C exactly matches Output_figures_2025/Fig_5I_Blood_positivity_by_tech_facet_updated6.png; older Final Tables and Figures copies are lower-resolution stale exports."	"confirmed"	""	"Generated mode rebuilds the source-data table from cached cfWGS/clinical calls plus EasyM reference-threshold CSV, then redraws the panel using the original fixed cfWGS screening threshold of 0.380. No model rescoring or threshold optimization is performed."
"FIG4D"	"main_figure"	"Figure_4"	"D"	"Figure_4.pdf"	"Figures_Exported/Final_Feb2026/Figure_4.pdf"	"Figures_Exported/Final_Feb2026/Figure_4.pdf"	"reproducible_workflow/outputs/main_figures/Figure_4.pdf"	"PowerPoint slide 5 in Revision 1 prep/cfWGS_MRD_MM_Figures_Revision1_slim.pptx (4 embedded image assets)"	"Fig5K_cfWGS_vs_MFC_clonoSEQ_EasyM_Blood_muts_updated5.png"	"Scripts_2025/Final_Scripts/3_2_Plot_optimal_cutoff_and_clinical_concordance.R"	3642	3870	"Blood/cfDNA cfWGS comparison to MFC, clonoSEQ, and EasyM"	"ggsave(..., 'Fig5K_cfWGS_vs_MFC_clonoSEQ_EasyM_Blood_muts_updated5.png')"	"Fig5K_cfWGS_vs_clinical_assays_EasyM_blood_source_data.csv; EasyM reference-threshold guide lines; deterministic Spearman labels; fixed cfWGS threshold and clonoSEQ/MFC LOD"	"exported blood/cfDNA point-level cfWGS-vs-clinical-assay/EasyM source data with EasyM reference-threshold guide lines"	"Fig5K_cfWGS_vs_MFC_clonoSEQ_EasyM_Blood_muts_updated5.png; Fig5K_cfWGS_vs_clinical_assays_EasyM_blood_source_data.csv; Fig5K_cfWGS_vs_clinical_assays_EasyM_blood_correlations.csv; Supplementary_Table_8_model_comparisons_to_clinical_metrics.xlsx"	"Filename, assay labels, and table 8 comparison mapping support this source."	"confirmed"	""	"Generated mode redraws this panel from the exported point-level source-data CSV; Spearman labels are recomputed deterministically from exported points. No model rescoring, call recomputation, or threshold recomputation is performed. Section also contributes to Supplementary Table 8."
"FIG4E"	"main_figure"	"Figure_4"	"E"	"Figure_4.pdf"	"Figures_Exported/Final_Feb2026/Figure_4.pdf"	"Figures_Exported/Final_Feb2026/Figure_4.pdf"	"reproducible_workflow/outputs/main_figures/Figure_4.pdf"	"PowerPoint slide 5 in Revision 1 prep/cfWGS_MRD_MM_Figures_Revision1_slim.pptx (4 embedded image assets)"	"Output_tables_2025/detection_progression_updated6/1yr_maintenance/KM_cfWGS of cfDNA-Derived Mutations (Sites Model)_One-Year Maintenance_updated_no_CI.png"	"Scripts_2025/Final_Scripts/4_1_Survival_Analysis.R"	342	689	"One-year maintenance Kaplan-Meier/PFS plot for cfDNA-derived model"	"ggsave(..., 'KM_cfWGS of cfDNA-Derived Mutations (Sites Model)_One-Year Maintenance_updated_no_CI.png')"	"survfit objects; one-year maintenance cohort; cfDNA-derived calls; first sample per patient; 30.44 days/month; no-CI KM/risk-table settings"	"Exported_data_tables_clinical/Censor_dates_per_patient_for_PFS_updated.rds; Output_tables_2025/all_patients_with_BM_and_blood_calls_updated6.rds; Output_EasyM_MRD_analysis_2025/EasyM_all_samples_with_optimized_calls.csv"	"KM no-CI PNG; Figure_4E_blood_sites_model_one_year_maintenance_KM_source_data.csv; Supplementary_Table_9_timewindow_results_test_cohort.xlsx"	"Kaplan-Meier labels, one-year maintenance wording, and output filename match Figure 4E."	"confirmed"	""	"Generated mode rebuilds the one-year-maintenance survival table from cached censor dates and cached cfWGS/clinical-call inputs, then redraws the final no-CI Kaplan-Meier panel with the original first-sample-per-patient, log-rank p-value, risk table, color, and label settings. No model rescoring, threshold recomputation, or training-model refitting is performed."
"EDFIG1"	"extended_data_figure"	"Extended_Data_Figure_1"	"all"	"Extended_Data_Figure_1.pdf"	"Figures_Exported/Final_Feb2026/Extended_Data_Figure_1.pdf"	"Figures_Exported/Final_Feb2026/Extended_Data_Figure_1.pdf"	"reproducible_workflow/outputs/extended_figures/Extended_Data_Figure_1.pdf"	"PowerPoint slide 7 in Revision 1 prep/cfWGS_MRD_MM_Figures_Revision1_slim.pptx (2 embedded image assets)"	"Final Tables and Figures/Figure_1B_overlay_heatmap_BM_vs_cfDNA_updated_with_FISH_15.png"	"Scripts_2025/Final_Scripts/2_2_Baseline_demographics_by_WGS_heatmap_updated.R"	1217	1316	"Baseline genomic landscape oncoprint/heatmap"	"ggsave(..., 'Figure_1B_overlay_heatmap_BM_vs_cfDNA_updated_with_FISH_15.png')"	"feature-detection heatmap matrix; FISH and WGS feature annotations"	"integrated WGS feature table; clinical/FISH metadata"	"feature heatmap PNG; Supplementary_Table_1A_MM_disease_associated_features_catalog.csv"	"PDF text and visual layout match the baseline genomic landscape heatmap export."	"confirmed"	""	"The final extended-data PDF appears externally assembled from this component."
"EDFIG2A"	"extended_data_figure"	"Extended_Data_Figure_2"	"A"	"Extended_Data_Figure_2.pdf"	"Figures_Exported/Final_Feb2026/Extended_Data_Figure_2.pdf"	"Figures_Exported/Final_Feb2026/Extended_Data_Figure_2.pdf"	"reproducible_workflow/outputs/extended_figures/Extended_Data_Figure_2.pdf"	"PowerPoint slide 8 in Revision 1 prep/cfWGS_MRD_MM_Figures_Revision1_slim.pptx (6 embedded image assets)"	"Figure2B_boxplot_with_bracket_tumor_fraction.png"	"Scripts_2025/Final_Scripts/2_3_Feature_Concordance_And_Mutation_Counts.R"	1268	1280	"Baseline tumor-fraction comparison"	"ggsave(..., 'Figure2B_boxplot_with_bracket_tumor_fraction.png')"	"tumor fraction by sample type/cohort; Extended_Data_Figure_2A_tumor_fraction_by_cohort_source_data.csv"	"Final_aggregate_table_cfWGS_features_with_clinical_and_demographics_updated9.rds; cohort_assignment_table_updated.rds"	"tumor-fraction boxplot PNG; Extended_Data_Figure_2A_tumor_fraction_by_cohort_source_data.csv"	"Tumor-fraction labels and baseline concordance context match ED Figure 2."	"confirmed"	""	"Panel lettering within the assembled PDF should be cross-checked visually if final panel order changes. Generate mode redraws this panel from the current aggregate baseline table after preserving the original duplicate baseline handling for CA-02, CA-03, and SPORE_0009, Frontline-to-training cohort recode, Wilcoxon bracket, 5% dashed tumor-fraction line, colors, labels, and export dimensions. No model fitting, threshold selection, or training-weight update is performed."
"EDFIG2B_D_B"	"extended_data_figure"	"Extended_Data_Figure_2"	"B"	"Extended_Data_Figure_2.pdf"	"Figures_Exported/Final_Feb2026/Extended_Data_Figure_2.pdf"	"Figures_Exported/Final_Feb2026/Extended_Data_Figure_2.pdf"	"reproducible_workflow/outputs/extended_figures/Extended_Data_Figure_2.pdf"	"PowerPoint slide 8 in Revision 1 prep/cfWGS_MRD_MM_Figures_Revision1_slim.pptx (6 embedded image assets)"	"Final Tables and Figures/Baseline_concordance/Fig2C_BM_cfDNA_conc_sens_spec_byTF_updated6.png"	"Scripts_2025/Final_Scripts/2_3_Feature_Concordance_And_Mutation_Counts.R"	2118	2196	"BM/cfDNA concordance/sensitivity/specificity panel"	"ggsave(..., 'Fig2C_BM_cfDNA_conc_sens_spec_byTF_updated6.png')"	"BM/cfDNA concordance, sensitivity, and specificity summaries; Extended_Data_Figure_2B_BM_cfDNA_performance_byTF_plot_source_data.csv"	"Final Tables and Figures/Baseline_concordance/BM_cfDNA_performance_byTF.rds"	"Fig2C_BM_cfDNA_conc_sens_spec_byTF_updated6.png; Extended_Data_Figure_2B_BM_cfDNA_performance_byTF_plot_source_data.csv"	"PowerPoint exact local hash match confirms panel B assignment."	"confirmed"	""	"Concrete panel component resolved from PowerPoint/local hash matching. Generate mode redraws this panel from the saved manuscript performance table after preserving the original High/Low tumor-fraction filter, event ordering by High-TF concordance, event labels, metric facet labels, viridis colors, axis labels, and export dimensions. Upstream concordance/performance values are reused from the cached manuscript intermediate and are not recomputed in this panel generator."
"EDFIG2B_D_C"	"extended_data_figure"	"Extended_Data_Figure_2"	"C"	"Extended_Data_Figure_2.pdf"	"Figures_Exported/Final_Feb2026/Extended_Data_Figure_2.pdf"	"Figures_Exported/Final_Feb2026/Extended_Data_Figure_2.pdf"	"reproducible_workflow/outputs/extended_figures/Extended_Data_Figure_2.pdf"	"PowerPoint slide 8 in Revision 1 prep/cfWGS_MRD_MM_Figures_Revision1_slim.pptx (6 embedded image assets)"	"Final Tables and Figures/Baseline_concordance/Fig2B_event_concordance_with_sensitivity_updated5.png"	"Scripts_2025/Final_Scripts/2_3_Feature_Concordance_And_Mutation_Counts.R"	1606	1722	"SV/CNA concordance-with-FISH panel"	"ggsave(..., 'Fig2B_event_concordance_with_sensitivity_updated5.png')"	"SV/CNA event concordance and FISH sensitivity summaries; Extended_Data_Figure_2C_FISH_BM_cfDNA_performance_plot_source_data.csv"	"Final Tables and Figures/Baseline_concordance/FISH_BM_cfDNA_performance.rds"	"Fig2B_event_concordance_with_sensitivity_updated5.png; Extended_Data_Figure_2C_FISH_BM_cfDNA_performance_plot_source_data.csv"	"PowerPoint exact local hash match confirms panel C assignment."	"confirmed"	""	"Concrete panel component resolved from PowerPoint/local hash matching. Generate mode redraws this panel from the saved manuscript plotting table after preserving the original High/Low tumor-fraction filtering, BM High-TF event ordering, BM/cfDNA facets, event labels, viridis colors, axis labels, and export dimensions. Upstream FISH concordance values are reused from the cached manuscript intermediate and are not recomputed in this panel generator."
"EDFIG2B_D_D"	"extended_data_figure"	"Extended_Data_Figure_2"	"D"	"Extended_Data_Figure_2.pdf"	"Figures_Exported/Final_Feb2026/Extended_Data_Figure_2.pdf"	"Figures_Exported/Final_Feb2026/Extended_Data_Figure_2.pdf"	"reproducible_workflow/outputs/extended_figures/Extended_Data_Figure_2.pdf"	"PowerPoint slide 8 in Revision 1 prep/cfWGS_MRD_MM_Figures_Revision1_slim.pptx (6 embedded image assets)"	"PowerPoint-only focal 1q schematic/annotation; no local image component resolved"	"Scripts_2025/Final_Scripts/2_3_Feature_Concordance_And_Mutation_Counts.R"	1494	1705	"Focal 1q schematic/annotation"	"PowerPoint assembly element; no direct R export resolved"	"focal 1q schematic and annotation context"	"supporting CNA and FISH feature tables"	"PowerPoint image element without local source hash match"	"PowerPoint geometry identifies panel D, but no concrete local source component is resolved."	"probable"	""	"manual_assembly_required; keep explicit until the exact local source component is identified."
"EDFIG2E"	"extended_data_figure"	"Extended_Data_Figure_2"	"E"	"Extended_Data_Figure_2.pdf"	"Figures_Exported/Final_Feb2026/Extended_Data_Figure_2.pdf"	"Figures_Exported/Final_Feb2026/Extended_Data_Figure_2.pdf"	"reproducible_workflow/outputs/extended_figures/Extended_Data_Figure_2.pdf"	"PowerPoint slide 8 in Revision 1 prep/cfWGS_MRD_MM_Figures_Revision1_slim.pptx (6 embedded image assets)"	"Final Tables and Figures/Baseline_concordance/Figure2F_boxplot_with_bracket.png"	"Scripts_2025/Final_Scripts/2_3_Feature_Concordance_And_Mutation_Counts.R"	1181	1236	"Mutation-count baseline comparison"	"ggsave(..., 'Figure2F_boxplot_with_bracket.png')"	"mutation counts by compartment; Extended_Data_Figure_2E_mutation_counts_by_cohort_source_data.csv"	"Final_aggregate_table_cfWGS_features_with_clinical_and_demographics_updated9.rds; cohort_assignment_table_updated.rds"	"Figure2F_boxplot_with_bracket.png; Extended_Data_Figure_2E_mutation_counts_by_cohort_source_data.csv"	"Mutation-count panel style and source section match one ED Figure 2 panel."	"probable"	""	"PowerPoint exact local hash match confirms panel E assignment. Generate mode redraws this panel from the current aggregate baseline table after preserving the original duplicate baseline handling for CA-02, CA-03, and SPORE_0009, Frontline-to-training cohort recode, cohort colors, assay labels, Wilcoxon significance bracket, and export dimensions. No model fitting, threshold selection, or training-weight update is performed."
"EDFIG2F"	"extended_data_figure"	"Extended_Data_Figure_2"	"F"	"Extended_Data_Figure_2.pdf"	"Figures_Exported/Final_Feb2026/Extended_Data_Figure_2.pdf"	"Figures_Exported/Final_Feb2026/Extended_Data_Figure_2.pdf"	"reproducible_workflow/outputs/extended_figures/Extended_Data_Figure_2.pdf"	"PowerPoint slide 8 in Revision 1 prep/cfWGS_MRD_MM_Figures_Revision1_slim.pptx (6 embedded image assets)"	"Final Tables and Figures/Baseline_concordance/Figure2D_facetted_scatter.png"	"Scripts_2025/Final_Scripts/2_3_Feature_Concordance_And_Mutation_Counts.R"	1430	1523	"Clinical correlates of cfDNA mutation burden"	"ggsave(..., 'Figure2D_facetted_scatter.png')"	"clinical correlates and cfDNA mutation burden; Extended_Data_Figure_2F_clinical_correlates_source_data.csv; Extended_Data_Figure_2F_clinical_correlates_spearman_summary.csv"	"Final_aggregate_table_cfWGS_features_with_clinical_and_demographics_updated9.rds; cohort_assignment_table_updated.rds"	"Figure2D_facetted_scatter.png; Extended_Data_Figure_2F_clinical_correlates_source_data.csv; Extended_Data_Figure_2F_clinical_correlates_spearman_summary.csv"	"Clinical-correlates faceted scatter component maps to ED Figure 2F."	"probable"	""	"PowerPoint exact local hash match confirms panel F assignment. Generate mode redraws this panel from the current aggregate baseline table after preserving the original duplicate baseline handling for CA-02, CA-03, and SPORE_0009, Frontline-to-training cohort recode, four facet variables, Spearman complete-case correlation labels, linear dashed smooths, cohort colors, labels, and export dimensions. No model fitting, threshold selection, or training-weight update is performed."
"EDFIG2G"	"extended_data_figure"	"Extended_Data_Figure_2"	"G"	"Extended_Data_Figure_2.pdf"	"Figures_Exported/Final_Feb2026/Extended_Data_Figure_2.pdf"	"Figures_Exported/Final_Feb2026/Extended_Data_Figure_2.pdf"	"reproducible_workflow/outputs/extended_figures/Extended_Data_Figure_2.pdf"	"PowerPoint slide 8 in Revision 1 prep/cfWGS_MRD_MM_Figures_Revision1_slim.pptx (6 embedded image assets)"	"Fig3C_mutation_overlap_lollipop2_updated.png"	"Scripts_2025/Final_Scripts/1_2_Part2_Get_Mutation_Overlap.R"	447	471	"Patient-level mutation-overlap lollipop"	"ggsave(..., 'Fig3C_mutation_overlap_lollipop2_updated.png')"	"mutation overlap per patient; Extended_Data_Figure_2G_mutation_overlap_source_data.csv; Extended_Data_Figure_2G_mutation_overlap_summary.csv"	"combined_maf_bm_dx.rds; combined_maf_blood_all_muts_updated.rds; combined_clinical_data_updated_April2025.csv; cohort_assignment_table_updated.rds; id_map.rds"	"Fig3C_mutation_overlap_lollipop2_updated.png; Extended_Data_Figure_2G_mutation_overlap_source_data.csv; Extended_Data_Figure_2G_mutation_overlap_summary.csv"	"Lollipop-style mutation overlap panel maps to the patient-overlap component."	"confirmed"	""	"This is a supporting panel for baseline concordance. Generate mode rebuilds the Frontline baseline BM/cfDNA mutation-overlap lollipop from filtered mutation RDS inputs, clinical metadata, cohort assignment, and protected ID map. The original rsID filtering, baseline/diagnosis restriction, paired BM/cfDNA sample requirement, Frontline-only plotting, protected ID replacement, percent-overlap definition, median/IQR subtitle, viridis color scale, labels, and export dimensions are preserved. Per-patient Venn diagrams from the exploratory source script are not regenerated because they are not the manuscript panel. No model fitting, threshold selection, or training-weight update is performed."
"EDFIG3A"	"extended_data_figure"	"Extended_Data_Figure_3"	"A"	"Extended_Data_Figure_3.pdf"	"Figures_Exported/Final_Feb2026/Extended_Data_Figure_3.pdf"	"Figures_Exported/Final_Feb2026/Extended_Data_Figure_3.pdf"	"reproducible_workflow/outputs/extended_figures/Extended_Data_Figure_3.pdf"	"PowerPoint slide 9 in Revision 1 prep/cfWGS_MRD_MM_Figures_Revision1_slim.pptx (3 embedded image assets)"	"Extended_Data_Figure_3A_all_evaluable_BM_raw_longitudinal.png"	"Scripts_2025/Final_Scripts/2_4B_Build_all_evaluable_longitudinal_panels.R"	2440	2641	"All-evaluable longitudinal panel export"	"ggsave(..., 'Extended_Data_Figure_3A_all_evaluable_BM_raw_longitudinal.png'); ms_copy_artifact(...)"	"all-evaluable longitudinal plotting data and panel objects"	"Final_aggregate_table_cfWGS_features_with_clinical_and_demographics_updated9.rds; cohort_assignment_table_updated.rds; baseline_high_quality_patients_updated.csv; Exported_data_tables_clinical/Censor_dates_per_patient_for_PFS_updated.rds"	"Extended_Data_Figure_3A_all_evaluable_BM_raw_longitudinal.png; matching source-data CSV"	"Current export call and artifact registration in 2_4B identify this panel."	"confirmed"	""	"The script writes the individual panel and source data. Final multi-panel assembly is performed separately."
"EDFIG3B"	"extended_data_figure"	"Extended_Data_Figure_3"	"B"	"Extended_Data_Figure_3.pdf"	"Figures_Exported/Final_Feb2026/Extended_Data_Figure_3.pdf"	"Figures_Exported/Final_Feb2026/Extended_Data_Figure_3.pdf"	"reproducible_workflow/outputs/extended_figures/Extended_Data_Figure_3.pdf"	"PowerPoint slide 9 in Revision 1 prep/cfWGS_MRD_MM_Figures_Revision1_slim.pptx (3 embedded image assets)"	"Extended_Data_Figure_3B_all_evaluable_blood_raw_longitudinal.png"	"Scripts_2025/Final_Scripts/2_4B_Build_all_evaluable_longitudinal_panels.R"	2440	2641	"All-evaluable longitudinal panel export"	"ggsave(..., 'Extended_Data_Figure_3B_all_evaluable_blood_raw_longitudinal.png'); ms_copy_artifact(...)"	"all-evaluable longitudinal plotting data and panel objects"	"Final_aggregate_table_cfWGS_features_with_clinical_and_demographics_updated9.rds; cohort_assignment_table_updated.rds; baseline_high_quality_patients_updated.csv; Exported_data_tables_clinical/Censor_dates_per_patient_for_PFS_updated.rds"	"Extended_Data_Figure_3B_all_evaluable_blood_raw_longitudinal.png; matching source-data CSV"	"Current export call and artifact registration in 2_4B identify this panel."	"confirmed"	""	"The script writes the individual panel and source data. Final multi-panel assembly is performed separately."
"EDFIG3C"	"extended_data_figure"	"Extended_Data_Figure_3"	"C"	"Extended_Data_Figure_3.pdf"	"Figures_Exported/Final_Feb2026/Extended_Data_Figure_3.pdf"	"Figures_Exported/Final_Feb2026/Extended_Data_Figure_3.pdf"	"reproducible_workflow/outputs/extended_figures/Extended_Data_Figure_3.pdf"	"PowerPoint slide 9 in Revision 1 prep/cfWGS_MRD_MM_Figures_Revision1_slim.pptx (3 embedded image assets)"	"Extended_Data_Figure_3C_all_evaluable_fragmentomics_longitudinal.png"	"Scripts_2025/Final_Scripts/2_4B_Build_all_evaluable_longitudinal_panels.R"	2440	2641	"All-evaluable longitudinal panel export"	"ggsave(..., 'Extended_Data_Figure_3C_all_evaluable_fragmentomics_longitudinal.png'); ms_copy_artifact(...)"	"all-evaluable longitudinal plotting data and panel objects"	"Final_aggregate_table_cfWGS_features_with_clinical_and_demographics_updated9.rds; cohort_assignment_table_updated.rds; baseline_high_quality_patients_updated.csv; Exported_data_tables_clinical/Censor_dates_per_patient_for_PFS_updated.rds"	"Extended_Data_Figure_3C_all_evaluable_fragmentomics_longitudinal.png; matching source-data CSV"	"Current export call and artifact registration in 2_4B identify this panel."	"confirmed"	""	"The script writes the individual panel and source data. Final multi-panel assembly is performed separately."
"EDFIG3D"	"extended_data_figure"	"Extended_Data_Figure_3"	"D"	"Extended_Data_Figure_3.pdf"	"Figures_Exported/Final_Feb2026/Extended_Data_Figure_3.pdf"	"Figures_Exported/Final_Feb2026/Extended_Data_Figure_3.pdf"	"reproducible_workflow/outputs/extended_figures/Extended_Data_Figure_3.pdf"	"Final multi-panel assembly is performed separately from the analysis scripts."	"final_manuscript_objects/02_extended_data_figures/Extended_Data_Figure_3/Extended_Data_Figure_3D/Extended_Data_Figure_3D_MRDetect_raw_platform_shift.png"	"Scripts_2025/Final_Scripts/1_8D_Build_ED3DE_MRDetect_Platform_Calibration.R"	102	509	"Paired raw MRDetect healthy-control platform shift"	"save_plot(panel_d, ...); write_csv(panel_d_source, ...)"	"panel_d_source; panel_d_stats; panel_d"	"MRDetect platform-calibration tables written by 1_8C"	"Extended_Data_Figure_3D_MRDetect_raw_platform_shift.png; Extended_Data_Figure_3D_source_data.csv; Extended_Data_Figure_3D_statistics.csv"	"Current script exports panel D and its source/statistics tables."	"confirmed"	""	"Nineteen paired control identities; each displayed identity-level value is the median across eight baseline or diagnosis VCF panels."
"EDFIG3E"	"extended_data_figure"	"Extended_Data_Figure_3"	"E"	"Extended_Data_Figure_3.pdf"	"Figures_Exported/Final_Feb2026/Extended_Data_Figure_3.pdf"	"Figures_Exported/Final_Feb2026/Extended_Data_Figure_3.pdf"	"reproducible_workflow/outputs/extended_figures/Extended_Data_Figure_3.pdf"	"Final multi-panel assembly is performed separately from the analysis scripts."	"final_manuscript_objects/02_extended_data_figures/Extended_Data_Figure_3/Extended_Data_Figure_3E/Extended_Data_Figure_3E_MRDetect_platform_matched_zscores.png"	"Scripts_2025/Final_Scripts/1_8D_Build_ED3DE_MRDetect_Platform_Calibration.R"	170	509	"MRDetect platform-matched z-score calibration"	"save_plot(panel_e, ...); write_csv(panel_e_source, ...)"	"panel_e_source; panel_e_stats; panel_e"	"MRDetect platform-calibration tables written by 1_8C"	"Extended_Data_Figure_3E_MRDetect_platform_matched_zscores.png; Extended_Data_Figure_3E_source_data.csv; Extended_Data_Figure_3E_statistics.csv"	"Current script exports panel E and its source/statistics tables."	"confirmed"	""	"The display contains control-by-VCF observations; paired inference uses one summary per control identity, n = 19."
"EDFIG3F"	"extended_data_figure"	"Extended_Data_Figure_3"	"F"	"Extended_Data_Figure_3.pdf"	"Figures_Exported/Final_Feb2026/Extended_Data_Figure_3.pdf"	"Figures_Exported/Final_Feb2026/Extended_Data_Figure_3.pdf"	"reproducible_workflow/outputs/extended_figures/Extended_Data_Figure_3.pdf"	"Final multi-panel assembly is performed separately from the analysis scripts."	"final_manuscript_objects/02_extended_data_figures/Extended_Data_Figure_3/Extended_Data_Figure_3F/Extended_Data_Figure_3F_fragmentomics_raw_platform_shift.png"	"Scripts_2025/Final_Scripts/1_8E_Build_ED3FG_Fragmentomics_Platform_Calibration.R"	88	635	"Paired raw fragmentomics healthy-control platform shift"	"save_plot(panel_f, ...); write_csv(panel_f_source, ...)"	"panel_f_source; panel_f_stats; panel_f"	"Fragmentomics platform-comparison outputs written by 1_7D and the regulatory-coverage RDS"	"Extended_Data_Figure_3F_fragmentomics_raw_platform_shift.png; Extended_Data_Figure_3F_source_data.csv; Extended_Data_Figure_3F_statistics.csv"	"Current script exports panel F and its source/statistics tables."	"confirmed"	""	"Nineteen identity-matched healthy controls; P values across three features are adjusted by Benjamini-Hochberg."
"EDFIG3G"	"extended_data_figure"	"Extended_Data_Figure_3"	"G"	"Extended_Data_Figure_3.pdf"	"Figures_Exported/Final_Feb2026/Extended_Data_Figure_3.pdf"	"Figures_Exported/Final_Feb2026/Extended_Data_Figure_3.pdf"	"reproducible_workflow/outputs/extended_figures/Extended_Data_Figure_3.pdf"	"Final multi-panel assembly is performed separately from the analysis scripts."	"final_manuscript_objects/02_extended_data_figures/Extended_Data_Figure_3/Extended_Data_Figure_3G/Extended_Data_Figure_3G_fragmentomics_leave_one_out_calibration.png"	"Scripts_2025/Final_Scripts/1_8E_Build_ED3FG_Fragmentomics_Platform_Calibration.R"	172	635	"Leave-one-control-out fragmentomics platform calibration"	"save_plot(panel_g, ...); write_csv(panel_g_source, ...)"	"panel_g_source; panel_g_stats; panel_g"	"Fragmentomics platform-comparison outputs written by 1_7D and the regulatory-coverage RDS"	"Extended_Data_Figure_3G_fragmentomics_leave_one_out_calibration.png; Extended_Data_Figure_3G_source_data.csv; Extended_Data_Figure_3G_statistics.csv"	"Current script exports panel G and its source/statistics tables."	"confirmed"	""	"Leave-one-control-out estimates are used for validation; production scoring uses the prespecified transform from all 19 paired controls."
"EDFIG4"	"extended_data_figure"	"Extended_Data_Figure_4"	"all"	"Extended_Data_Figure_4.pdf"	"Figures_Exported/Final_Feb2026/Extended_Data_Figure_4.pdf"	"Figures_Exported/Final_Feb2026/Extended_Data_Figure_4.pdf"	"reproducible_workflow/outputs/extended_figures/Extended_Data_Figure_4.pdf"	"PowerPoint slide 10 in Revision 1 prep/cfWGS_MRD_MM_Figures_Revision1_slim.pptx (1 embedded image assets)"	"Fig_heatmap_spearman_upper_triangle4.png"	"Scripts_2025/Final_Scripts/2_4_Longitudinal_features_analysis.R"	2936	3083	"Spearman correlation heatmap"	"ggsave(..., 'Fig_heatmap_spearman_upper_triangle4.png')"	"Spearman correlation matrix; feature labels; Extended_Data_Figure_4_feature_matrix_source_data.csv; Extended_Data_Figure_4_spearman_upper_triangle_source_data.csv"	"Final_aggregate_table_cfWGS_features_with_clinical_and_demographics_updated9.rds; cohort_assignment_table_updated.rds; baseline_high_quality_patients_updated.csv; Exported_data_tables_clinical/Censor_dates_per_patient_for_PFS_updated.rds"	"correlation heatmap PNG; Extended_Data_Figure_4_feature_matrix_source_data.csv; Extended_Data_Figure_4_spearman_upper_triangle_source_data.csv"	"Heatmap text and longitudinal feature-correlation output map to this section."	"confirmed"	""	"Generate mode redraws the heatmap from the longitudinal dat_clean feature matrix reconstructed from the current aggregate longitudinal RDS and supporting cohort/quality/baseline-date inputs. The original plotted feature set, labels, Spearman pairwise-complete correlation method, hierarchical-clustering order, upper-triangle filter, viridis scale limits/breaks, text color rule, white background, and 6x5 inch 1800-dpi export are preserved. This panel is distinct from Supplementary Table 3, whose baseline-feature correlation CSV still has a documented retained-export row-count mismatch. No model fitting, threshold selection, or training-weight update is performed."
"EDFIG5A"	"extended_data_figure"	"Extended_Data_Figure_5"	"A"	"Extended_Data_Figure_5.pdf"	"Figures_Exported/Final_Feb2026/Extended_Data_Figure_5.pdf"	"Figures_Exported/Final_Feb2026/Extended_Data_Figure_5.pdf"	"reproducible_workflow/outputs/extended_figures/Extended_Data_Figure_5.pdf"	"PowerPoint slide 11 in Revision 1 prep/cfWGS_MRD_MM_Figures_Revision1_slim.pptx (7 embedded image assets)"	"ExtendedDataFigure5A_patient_grouped_repeated_nested_cv.png"	"Scripts_2025/Final_Scripts/6_14_Generate_Grouped_CV_Manuscript_Replacement_Panels.R"	255	420	"Patient-grouped repeated nested-CV ROC and operating-point panel"	"save_panel(..., 'ExtendedDataFigure5A_patient_grouped_repeated_nested_cv')"	"mean_roc; fold_operating_summary; completed grouped-CV performance summary"	"Completed 50-repeat combined patient-grouped repeated nested-CV output from 6_13"	"ExtendedDataFigure5A_patient_grouped_repeated_nested_cv.png; repeated_grouped_cv_mean_roc_source_data.csv; grouped_cv_fold_operating_point_source_data.csv"	"Current Extended Data panel generator reads the completed 50-repeat grouped nested-CV result."	"confirmed"	""	"The plotting script does not refit models or change folds, features, thresholds, or predictions."
"EDFIG5B"	"extended_data_figure"	"Extended_Data_Figure_5"	"B"	"Extended_Data_Figure_5.pdf"	"Figures_Exported/Final_Feb2026/Extended_Data_Figure_5.pdf"	"Figures_Exported/Final_Feb2026/Extended_Data_Figure_5.pdf"	"reproducible_workflow/outputs/extended_figures/Extended_Data_Figure_5.pdf"	"PowerPoint slide 11 in Revision 1 prep/cfWGS_MRD_MM_Figures_Revision1_slim.pptx (7 embedded image assets)"	"Final Tables and Figures/Supp5A_classifier_performance_bar_updated3.png"	"Scripts_2025/Final_Scripts/3_1_Optimize_cfWGS_thresholds.R"	3494	3631	"BM training-cohort model performance bar plot"	"ggsave(file.path('Final Tables and Figures/Supp5A_classifier_performance_bar_updated3.png'), plot = p_perf, width = 5, height = 3.5, dpi = 600)"	"metrics_youden; metrics_at_95sens; BM model labels; p_perf; Extended_Data_Figure_5B_BM_refit_performance_source_data.csv"	"cached Youden and fixed-95%-sensitivity metric RDS files used for corrected Supplementary Table 5; no model refitting"	"Supp5A_classifier_performance_bar_updated3.png; Supplementary_Table_5_All_Model_Metrics_Refit_on_main_cohort.csv; cfWGS_model_metrics_youden_threshold3_Feb2026.rds; cfWGS_model_metrics_fixed_95sens3_Feb2026.rds"	"Panel B title, metric facets, model labels, and 95% sensitivity marker match the retained PNG and corrected Supplementary Table 5."	"confirmed"	""	"Generated mode redraws this panel from cached metrics and records minor PNG format differences; no model refitting or threshold recomputation is performed."
"EDFIG5C"	"extended_data_figure"	"Extended_Data_Figure_5"	"C"	"Extended_Data_Figure_5.pdf"	"Figures_Exported/Final_Feb2026/Extended_Data_Figure_5.pdf"	"Figures_Exported/Final_Feb2026/Extended_Data_Figure_5.pdf"	"reproducible_workflow/outputs/extended_figures/Extended_Data_Figure_5.pdf"	"PowerPoint slide 11 in Revision 1 prep/cfWGS_MRD_MM_Figures_Revision1_slim.pptx (7 embedded image assets)"	"Final Tables and Figures/Supp5A_classifier_performance_bar_test_cohort_updated3.png"	"Scripts_2025/Final_Scripts/3_1_Optimize_cfWGS_thresholds.R"	3634	3773	"BM test-cohort model performance bar plot"	"ggsave(file.path('Final Tables and Figures/Supp5A_classifier_performance_bar_test_cohort_updated3.png'), plot = p_perf, width = 5, height = 3.5, dpi = 600)"	"metrics_youden_testing; metrics_at_95sens_test; BM model labels; p_perf; Extended_Data_Figure_5C_BM_test_performance_source_data.csv"	"cached BM test-cohort Youden and fixed-95%-sensitivity metric RDS files; no model refitting"	"Supp5A_classifier_performance_bar_test_cohort_updated3.png; Supplementary_Table_6_All_Model_Metrics_Test_Cohort.csv; cfWGS_model_metrics_youden_threshold_test_cohort3_Feb2026.rds; cfWGS_model_metrics_fixed_95sens_test_cohort3_Feb2026.rds"	"Panel C title, metric facets, model labels, and 95% sensitivity marker match the retained PNG."	"confirmed"	""	"Generated mode redraws this panel from cached metrics and records minor PNG format differences; no model refitting or threshold recomputation is performed."
"EDFIG5D"	"extended_data_figure"	"Extended_Data_Figure_5"	"D"	"Extended_Data_Figure_5.pdf"	"Figures_Exported/Final_Feb2026/Extended_Data_Figure_5.pdf"	"Figures_Exported/Final_Feb2026/Extended_Data_Figure_5.pdf"	"reproducible_workflow/outputs/extended_figures/Extended_Data_Figure_5.pdf"	"PowerPoint slide 11 in Revision 1 prep/cfWGS_MRD_MM_Figures_Revision1_slim.pptx (7 embedded image assets)"	"Final Tables and Figures/Fig4G_LOD_combined_HCaxis_v2_20260225.png"	"Scripts_2025/Final_Scripts/3_1_part2_Apply_cfWGS_thresholds_to_dilution_series.R"	1842	2047	"BM dilution-series feature/probability correlations with healthy-control axis"	"write_csv(..., 'SourceData_ExtendedData5D_*_20260225.csv'); ggsave(..., 'Fig4G_LOD_combined_HCaxis_v2_20260225.png')"	"SourceData_ExtendedData5D_BM_*_20260225.csv; bm_feat_with_hc; bm_prob_df; combined_bm_hc"	"exported Extended Data 5D source-data CSVs containing dilution points, healthy-control medians, correlations, probabilities, and thresholds"	"Fig4G_LOD_combined_HCaxis_v2_20260225.png; Supplementary_Table_7_Dilution_Series_Combined.xlsx; SourceData_ExtendedData5D_*_20260225.csv"	"Panel D title, five facet labels, healthy-control x-axis tick, Spearman annotations, and model-threshold probability panels match the retained PNG."	"confirmed"	""	"Generated mode redraws this panel from the exported Extended Data 5D source-data CSVs; no model rescoring or threshold recomputation is performed. Earlier generic LOD exports exist, but this later block explicitly labels its source data as Extended Data 5D."
"EDFIG5E"	"extended_data_figure"	"Extended_Data_Figure_5"	"E"	"Extended_Data_Figure_5.pdf"	"Figures_Exported/Final_Feb2026/Extended_Data_Figure_5.pdf"	"Figures_Exported/Final_Feb2026/Extended_Data_Figure_5.pdf"	"reproducible_workflow/outputs/extended_figures/Extended_Data_Figure_5.pdf"	"PowerPoint slide 11 in Revision 1 prep/cfWGS_MRD_MM_Figures_Revision1_slim.pptx (7 embedded image assets)"	"Final Tables and Figures/Fig4_confmat_post_ASCT_updated5.png"	"Scripts_2025/Final_Scripts/3_2_Plot_optimal_cutoff_and_clinical_concordance.R"	1540	1678	"BM cfWGS versus clinical MRD concordance at post-ASCT"	"ggsave('Final Tables and Figures/Fig4_confmat_post_ASCT_updated5.png', p_post, width = 5, height = 2.75, dpi = 600)"	"all_patients_with_BM_and_blood_calls_updated6.rds; ct_post_Flow; ct_post_Clono; cm_post; p_post; clinical_confusion_BM_post_ASCT_source_data.csv"	"cached optimized BM cfWGS calls and clinical MFC/clonoSEQ MRD calls at post-ASCT"	"Fig4_confmat_post_ASCT_updated5.png; Fig4_confmat_post_ASCT_updated5_source_data.csv; clinical_confusion_BM_post_ASCT_source_data.csv"	"Panel E title, axes (Clinical MRD/cfWGS MRD), Flow and clonoSEQ facets, and tile counts match the clinical-concordance output."	"confirmed"	""	"Generated mode redraws this panel from Output_tables_2025/all_patients_with_BM_and_blood_calls_updated6.rds using the original clinical-comparator filters; no model rescoring or threshold recomputation is performed. The current generated component uses the updated5 clinical-concordance output for this panel."
"EDFIG5F"	"extended_data_figure"	"Extended_Data_Figure_5"	"F"	"Extended_Data_Figure_5.pdf"	"Figures_Exported/Final_Feb2026/Extended_Data_Figure_5.pdf"	"Figures_Exported/Final_Feb2026/Extended_Data_Figure_5.pdf"	"reproducible_workflow/outputs/extended_figures/Extended_Data_Figure_5.pdf"	"PowerPoint slide 11 in Revision 1 prep/cfWGS_MRD_MM_Figures_Revision1_slim.pptx (7 embedded image assets)"	"Final Tables and Figures/Fig4_confmat_maintenance5.png"	"Scripts_2025/Final_Scripts/3_2_Plot_optimal_cutoff_and_clinical_concordance.R"	1540	1678	"BM cfWGS versus clinical MRD concordance at one-year maintenance"	"ggsave('Final Tables and Figures/Fig4_confmat_maintenance5.png', p_maint, width = 5, height = 2.75, dpi = 600)"	"all_patients_with_BM_and_blood_calls_updated6.rds; ct_maint_Flow; ct_maint_Clono; cm_maint; p_maint; clinical_confusion_BM_maintenance_source_data.csv"	"cached optimized BM cfWGS calls and clinical MFC/clonoSEQ MRD calls at one-year maintenance"	"Fig4_confmat_maintenance5.png; Fig4_confmat_maintenance5_source_data.csv; clinical_confusion_BM_maintenance_source_data.csv"	"Panel F title, axes, Flow and clonoSEQ facets, and tile counts match the clinical-concordance output."	"confirmed"	""	"Generated mode redraws this panel from Output_tables_2025/all_patients_with_BM_and_blood_calls_updated6.rds using the original clinical-comparator filters; no model rescoring or threshold recomputation is performed. The current generated component uses the updated5 clinical-concordance output for this panel."
"EDFIG5G"	"extended_data_figure"	"Extended_Data_Figure_5"	"G"	"Extended_Data_Figure_5.pdf"	"Figures_Exported/Final_Feb2026/Extended_Data_Figure_5.pdf"	"Figures_Exported/Final_Feb2026/Extended_Data_Figure_5.pdf"	"reproducible_workflow/outputs/extended_figures/Extended_Data_Figure_5.pdf"	"PowerPoint slide 11 in Revision 1 prep/cfWGS_MRD_MM_Figures_Revision1_slim.pptx (7 embedded image assets)"	"Final Tables and Figures/Fig4_confmat_nonfront5.png"	"Scripts_2025/Final_Scripts/3_2_Plot_optimal_cutoff_and_clinical_concordance.R"	1540	1678	"BM cfWGS versus clinical MRD concordance in the non-frontline/test cohort"	"ggsave('Final Tables and Figures/Fig4_confmat_nonfront5.png', p_non, width = 3, height = 2.75, dpi = 600)"	"all_patients_with_BM_and_blood_calls_updated6.rds; ct_non_Flow; cm_non; p_non; clinical_confusion_BM_nonfront_source_data.csv"	"cached optimized BM cfWGS calls and clinical MFC MRD calls in the non-frontline/test cohort"	"Fig4_confmat_nonfront5.png; Fig4_confmat_nonfront5_source_data.csv; clinical_confusion_BM_nonfront_source_data.csv"	"Panel G title, axes, Flow facet, and tile counts match the clinical-concordance output."	"confirmed"	""	"Generated mode redraws this panel from Output_tables_2025/all_patients_with_BM_and_blood_calls_updated6.rds using the original non-frontline diagnosis/baseline exclusions; no model rescoring or threshold recomputation is performed. The current generated component uses the updated5 clinical-concordance output for this panel."
"EDFIG6A"	"extended_data_figure"	"Extended_Data_Figure_6"	"A"	"Extended_Data_Figure_6.pdf"	"Figures_Exported/Final_Feb2026/Extended_Data_Figure_6.pdf"	"Figures_Exported/Final_Feb2026/Extended_Data_Figure_6.pdf"	"reproducible_workflow/outputs/extended_figures/Extended_Data_Figure_6.pdf"	"PowerPoint slide 12 in Revision 1 prep/cfWGS_MRD_MM_Figures_Revision1_slim.pptx (11 embedded image assets)"	"Final Tables and Figures/Supp_6A_Fig_sensitivity_by_tech_training3_2026-02-25.png"	"Scripts_2025/Final_Scripts/4_1_Survival_Analysis.R"	1292	1400	"BM-derived cfWGS/clinical MRD sensitivity by assay and landmark timepoint"	"write_csv(..., 'Supp_6A_BM_sensitivity_barplot_source_data_<date>.csv'); ggsave(..., 'Supp_6A_Fig_sensitivity_by_tech_training3_<date>.png')"	"post_stats_BM; year_stats_BM; sens_df_bm; p_sens; Supp_6A_BM_sensitivity_barplot_source_data_2026-02-25.csv"	"exported frontline post-ASCT and 1-year maintenance BM-derived cfWGS and clinical MRD assay sensitivity source data"	"Output_tables_2025/Source_data/Supp_6A_BM_sensitivity_barplot_source_data_2026-02-25.csv; Supp_6A_Fig_sensitivity_by_tech_training3_2026-02-25.png"	"Panel A title, y-axis, assay labels, percentages, colors, and exported PNG filename match the assembled figure."	"confirmed"	""	"Generated mode redraws this panel from the exported Supp_6A source-data CSV; no patient-level sensitivity recomputation, model rescoring, or threshold recomputation is performed. The source export and comments identify this as Supp_6A/BM sensitivity, although the plot title says cfDNA."
"EDFIG6B"	"extended_data_figure"	"Extended_Data_Figure_6"	"B"	"Extended_Data_Figure_6.pdf"	"Figures_Exported/Final_Feb2026/Extended_Data_Figure_6.pdf"	"Figures_Exported/Final_Feb2026/Extended_Data_Figure_6.pdf"	"reproducible_workflow/outputs/extended_figures/Extended_Data_Figure_6.pdf"	"PowerPoint slide 12 in Revision 1 prep/cfWGS_MRD_MM_Figures_Revision1_slim.pptx (11 embedded image assets)"	"Final Tables and Figures/Supp_Figure_6B_cfWGS_BM_HR_updated3_2026-02-25.png"	"Scripts_2025/Final_Scripts/4_1_Survival_Analysis.R"	3153	3266	"BM-derived cfWGS/clinical MRD hazard-ratio forest plot by landmark timepoint"	"write_csv(..., 'Supp_Figure_6B_BM_HR_plot_source_data_<date>.csv'); ggsave(..., 'Supp_Figure_6B_cfWGS_BM_HR_updated3_<date>.png')"	"progression_metrics; hr_plot_df_bm; p_hr_bm; Supp_Figure_6B_BM_HR_plot_source_data_2026-02-25.csv"	"exported BM-derived cfWGS/clinical MRD hazard-ratio source data by landmark timepoint"	"Output_tables_2025/Source_data/Supp_Figure_6B_BM_HR_plot_source_data_2026-02-25.csv; Supp_Figure_6B_cfWGS_BM_HR_updated3_2026-02-25.png"	"Panel B title, hazard-ratio axis, assay legend, landmark labels, and exported PNG filename match the assembled figure."	"confirmed"	""	"Generated mode redraws this panel from the exported Supp_Figure_6B source-data CSV; no survival-model refitting, patient-level recomputation, model rescoring, or threshold recomputation is performed. PowerPoint slide 12 embeds this top-right image as labeled panel B."
"EDFIG6C"	"extended_data_figure"	"Extended_Data_Figure_6"	"C"	"Extended_Data_Figure_6.pdf"	"Figures_Exported/Final_Feb2026/Extended_Data_Figure_6.pdf"	"Figures_Exported/Final_Feb2026/Extended_Data_Figure_6.pdf"	"reproducible_workflow/outputs/extended_figures/Extended_Data_Figure_6.pdf"	"PowerPoint slide 12 in Revision 1 prep/cfWGS_MRD_MM_Figures_Revision1_slim.pptx (11 embedded image assets)"	"Output_tables_2025/detection_progression_updated6/1yr_maintenance/KM_MFC_One-Year Maintenance_updated_no_CI.png"	"Scripts_2025/Final_Scripts/4_1_Survival_Analysis.R"	342	584	"Kaplan-Meier PFS curve for MFC at one-year maintenance"	"ggsave(filename = fname, plot = combined, width = 7, height = 7, dpi = dpi_target)"	"survival_df; techs; Flow_Binary; df_sub; first sample per patient; 30.44 days/month; survfit object; combined KM/risk-table grob"	"Exported_data_tables_clinical/Censor_dates_per_patient_for_PFS_updated.rds; Output_tables_2025/all_patients_with_BM_and_blood_calls_updated6.rds; Output_EasyM_MRD_analysis_2025/EasyM_all_samples_with_optimized_calls.csv"	"Output_tables_2025/detection_progression_updated6/1yr_maintenance/KM_MFC_One-Year Maintenance_updated_no_CI.png; Extended_Data_Figure_6C_MFC_one_year_maintenance_KM_source_data.csv"	"Panel C title, p-value, risk table, MRD status legend, and one-year maintenance MFC label match the saved KM export."	"confirmed"	""	"Generated mode rebuilds the one-year-maintenance survival table from cached censor dates and cached cfWGS/clinical-call inputs, then redraws the final no-CI Kaplan-Meier panel with the original first-sample-per-patient, log-rank p-value, risk table, color, and label settings. No model rescoring, threshold recomputation, or training-model refitting is performed."
"EDFIG6D"	"extended_data_figure"	"Extended_Data_Figure_6"	"D"	"Extended_Data_Figure_6.pdf"	"Figures_Exported/Final_Feb2026/Extended_Data_Figure_6.pdf"	"Figures_Exported/Final_Feb2026/Extended_Data_Figure_6.pdf"	"reproducible_workflow/outputs/extended_figures/Extended_Data_Figure_6.pdf"	"PowerPoint slide 12 in Revision 1 prep/cfWGS_MRD_MM_Figures_Revision1_slim.pptx (11 embedded image assets)"	"Output_tables_2025/detection_progression_updated6/1yr_maintenance/KM_clonoSEQ_One-Year Maintenance_updated_no_CI.png"	"Scripts_2025/Final_Scripts/4_1_Survival_Analysis.R"	342	584	"Kaplan-Meier PFS curve for clonoSEQ at one-year maintenance"	"ggsave(filename = fname, plot = combined, width = 7, height = 7, dpi = dpi_target)"	"survival_df; techs; Adaptive_Binary; df_sub; first sample per patient; 30.44 days/month; survfit object; combined KM/risk-table grob"	"Exported_data_tables_clinical/Censor_dates_per_patient_for_PFS_updated.rds; Output_tables_2025/all_patients_with_BM_and_blood_calls_updated6.rds; Output_EasyM_MRD_analysis_2025/EasyM_all_samples_with_optimized_calls.csv"	"Output_tables_2025/detection_progression_updated6/1yr_maintenance/KM_clonoSEQ_One-Year Maintenance_updated_no_CI.png; Extended_Data_Figure_6D_clonoSEQ_one_year_maintenance_KM_source_data.csv"	"Panel D title, p-value, risk table, MRD status legend, and one-year maintenance clonoSEQ label match the saved KM export."	"confirmed"	""	"Generated mode rebuilds the one-year-maintenance survival table from cached censor dates and cached cfWGS/clinical-call inputs, then redraws the final no-CI Kaplan-Meier panel with the original first-sample-per-patient, log-rank p-value, risk table, color, and label settings. No model rescoring, threshold recomputation, or training-model refitting is performed."
"EDFIG6E"	"extended_data_figure"	"Extended_Data_Figure_6"	"E"	"Extended_Data_Figure_6.pdf"	"Figures_Exported/Final_Feb2026/Extended_Data_Figure_6.pdf"	"Figures_Exported/Final_Feb2026/Extended_Data_Figure_6.pdf"	"reproducible_workflow/outputs/extended_figures/Extended_Data_Figure_6.pdf"	"PowerPoint slide 12 in Revision 1 prep/cfWGS_MRD_MM_Figures_Revision1_slim.pptx (11 embedded image assets)"	"Output_tables_2025/detection_progression_updated6/post_transplant/KM_cfWGS of BM-Derived Mutations (cVAF Model)_Post‑ASCT_updated_no_CI.png"	"Scripts_2025/Final_Scripts/4_1_Survival_Analysis.R"	342	584	"Kaplan-Meier PFS curve for BM-derived cfWGS cVAF model at post-ASCT"	"ggsave(filename = fname, plot = combined, width = 7, height = 7, dpi = dpi_target)"	"survival_df; techs; BM_zscore_only_detection_rate_call; df_sub; first sample per patient; 30.44 days/month; survfit object; combined KM/risk-table grob"	"Exported_data_tables_clinical/Censor_dates_per_patient_for_PFS_updated.rds; Output_tables_2025/all_patients_with_BM_and_blood_calls_updated6.rds; Output_EasyM_MRD_analysis_2025/EasyM_all_samples_with_optimized_calls.csv"	"Output_tables_2025/detection_progression_updated6/post_transplant/KM_cfWGS of BM-Derived Mutations (cVAF Model)_Post‑ASCT_updated_no_CI.png; Extended_Data_Figure_6E_BM_cVAF_model_post_ASCT_KM_source_data.csv"	"Panel E title, p-value, risk table, MRD status legend, and post-ASCT BM-derived cVAF model label match the saved KM export."	"confirmed"	""	"Generated mode rebuilds the post-ASCT survival table from cached censor dates and cached cfWGS/clinical-call inputs, then redraws the final no-CI Kaplan-Meier panel with the original first-sample-per-patient, log-rank p-value, risk table, color, and label settings. No model rescoring, threshold recomputation, or training-model refitting is performed."
"EDFIG6F"	"extended_data_figure"	"Extended_Data_Figure_6"	"F"	"Extended_Data_Figure_6.pdf"	"Figures_Exported/Final_Feb2026/Extended_Data_Figure_6.pdf"	"Figures_Exported/Final_Feb2026/Extended_Data_Figure_6.pdf"	"reproducible_workflow/outputs/extended_figures/Extended_Data_Figure_6.pdf"	"PowerPoint slide 12 in Revision 1 prep/cfWGS_MRD_MM_Figures_Revision1_slim.pptx (11 embedded image assets)"	"Output_tables_2025/detection_progression_updated6/post_transplant/KM_MFC_Post‑ASCT_updated_no_CI.png"	"Scripts_2025/Final_Scripts/4_1_Survival_Analysis.R"	342	584	"Kaplan-Meier PFS curve for MFC at post-ASCT"	"ggsave(filename = fname, plot = combined, width = 7, height = 7, dpi = dpi_target)"	"survival_df; techs; Flow_Binary; df_sub; first sample per patient; 30.44 days/month; survfit object; combined KM/risk-table grob"	"Exported_data_tables_clinical/Censor_dates_per_patient_for_PFS_updated.rds; Output_tables_2025/all_patients_with_BM_and_blood_calls_updated6.rds; Output_EasyM_MRD_analysis_2025/EasyM_all_samples_with_optimized_calls.csv"	"Output_tables_2025/detection_progression_updated6/post_transplant/KM_MFC_Post‑ASCT_updated_no_CI.png; Extended_Data_Figure_6F_MFC_post_ASCT_KM_source_data.csv"	"Panel F title, p-value, risk table, MRD status legend, and post-ASCT MFC label match the saved KM export."	"confirmed"	""	"Generated mode rebuilds the post-ASCT survival table from cached censor dates and cached cfWGS/clinical-call inputs, then redraws the final no-CI Kaplan-Meier panel with the original first-sample-per-patient, log-rank p-value, risk table, color, and label settings. No model rescoring, threshold recomputation, or training-model refitting is performed."
"EDFIG6G"	"extended_data_figure"	"Extended_Data_Figure_6"	"G"	"Extended_Data_Figure_6.pdf"	"Figures_Exported/Final_Feb2026/Extended_Data_Figure_6.pdf"	"Figures_Exported/Final_Feb2026/Extended_Data_Figure_6.pdf"	"reproducible_workflow/outputs/extended_figures/Extended_Data_Figure_6.pdf"	"PowerPoint slide 12 in Revision 1 prep/cfWGS_MRD_MM_Figures_Revision1_slim.pptx (11 embedded image assets)"	"Output_tables_2025/detection_progression_updated6/1yr_maintenance/KM_EasyM_One-Year Maintenance_updated_no_CI.png"	"Scripts_2025/Final_Scripts/4_1_Survival_Analysis.R"	342	584	"Kaplan-Meier PFS curve for EasyM MRD at one-year maintenance"	"ggsave(filename = fname, plot = combined, width = 7, height = 7, dpi = dpi_target)"	"survival_df; EasyM_reference_threshold_binary; df_sub; first sample per patient; 30.44 days/month; survfit object; combined KM/risk-table grob"	"Exported_data_tables_clinical/Censor_dates_per_patient_for_PFS_updated.rds; Output_tables_2025/all_patients_with_BM_and_blood_calls_updated6.rds; Output_EasyM_MRD_analysis_2025/EasyM_all_samples_with_optimized_calls.csv"	"Output_tables_2025/detection_progression_updated6/1yr_maintenance/KM_EasyM_One-Year Maintenance_updated_no_CI.png; Extended_Data_Figure_6G_EasyM_one_year_maintenance_KM_source_data.csv"	"Panel G title, p-value, risk table, MRD status legend, and one-year maintenance EasyM label match the saved KM export."	"confirmed"	""	"Generated mode rebuilds the one-year-maintenance survival table from cached censor dates and cached cfWGS/clinical-call inputs plus EasyM reference-threshold calls, then redraws the final no-CI Kaplan-Meier panel using the plain EasyM label. No model rescoring, threshold recomputation, or training-model refitting is performed."
"EDFIG6H"	"extended_data_figure"	"Extended_Data_Figure_6"	"H"	"Extended_Data_Figure_6.pdf"	"Figures_Exported/Final_Feb2026/Extended_Data_Figure_6.pdf"	"Figures_Exported/Final_Feb2026/Extended_Data_Figure_6.pdf"	"reproducible_workflow/outputs/extended_figures/Extended_Data_Figure_6.pdf"	"PowerPoint slide 12 in Revision 1 prep/cfWGS_MRD_MM_Figures_Revision1_slim.pptx (11 embedded image assets)"	"Output_tables_2025/detection_progression_updated6/post_transplant/KM_EasyM_Post-ASCT_updated_no_CI.png"	"Scripts_2025/Final_Scripts/4_1_Survival_Analysis.R"	342	584	"Kaplan-Meier PFS curve for EasyM MRD at post-ASCT"	"ggsave(filename = fname, plot = combined, width = 7, height = 7, dpi = dpi_target)"	"survival_df; EasyM_reference_threshold_binary; df_sub; first sample per patient; 30.44 days/month; survfit object; combined KM/risk-table grob"	"Exported_data_tables_clinical/Censor_dates_per_patient_for_PFS_updated.rds; Output_tables_2025/all_patients_with_BM_and_blood_calls_updated6.rds; Output_EasyM_MRD_analysis_2025/EasyM_all_samples_with_optimized_calls.csv"	"Output_tables_2025/detection_progression_updated6/post_transplant/KM_EasyM_Post-ASCT_updated_no_CI.png; Extended_Data_Figure_6H_EasyM_post_ASCT_KM_source_data.csv"	"Panel H title, p-value, risk table, MRD status legend, and post-ASCT EasyM label match the saved KM export."	"confirmed"	""	"Generated mode rebuilds the post-ASCT survival table from cached censor dates and cached cfWGS/clinical-call inputs plus EasyM reference-threshold calls, then redraws the final no-CI Kaplan-Meier panel using the plain EasyM label. No model rescoring, threshold recomputation, or training-model refitting is performed."
"EDFIG6I"	"extended_data_figure"	"Extended_Data_Figure_6"	"I"	"Extended_Data_Figure_6.pdf"	"Figures_Exported/Final_Feb2026/Extended_Data_Figure_6.pdf"	"Figures_Exported/Final_Feb2026/Extended_Data_Figure_6.pdf"	"reproducible_workflow/outputs/extended_figures/Extended_Data_Figure_6.pdf"	"PowerPoint slide 12 in Revision 1 prep/cfWGS_MRD_MM_Figures_Revision1_slim.pptx (11 embedded image assets)"	"Final Tables and Figures/Supp_Fig_6_Fig_sensitivity_windows_BM_test_cohort_updated2.png"	"Scripts_2025/Final_Scripts/4_1_Survival_Analysis.R"	4764	4843	"BM-derived cfWGS/MFC test-cohort sensitivity across relapse prediction windows"	"ggsave('Final Tables and Figures/Supp_Fig_6_Fig_sensitivity_windows_BM_test_cohort_updated2.png', plot = p_sens_bm, width = 4.75, height = 6.25, dpi = 500)"	"results_BM; sens_BM_df; original 90/180/365/730-day windows; assay recoding; cfWGS_Blood exclusion; p_sens_bm"	"Output_tables_2025/detection_progression_updated5/BM_cfWGS_timewindow_results2.csv"	"Output_tables_2025/detection_progression_updated5/BM_cfWGS_timewindow_results2.csv; Extended_Data_Figure_6I_BM_sensitivity_windows_source_data.csv; Supplementary_Table_9_timewindow_results_test_cohort.xlsx"	"Panel I title, window legend, assay labels, sensitivity percentages, and exported PNG filename match the assembled figure."	"confirmed"	""	"Generated mode redraws this panel from the cached BM time-window CSV used for Supplementary Table 9, preserving the original assay recoding, cfWGS_Blood exclusion, 90/180/365/730-day windows, percent labels, color palette, y-axis limits, and export dimensions. No progression-window recomputation, model rescoring, or threshold recomputation is performed."
"EDFIG6J"	"extended_data_figure"	"Extended_Data_Figure_6"	"J"	"Extended_Data_Figure_6.pdf"	"Figures_Exported/Final_Feb2026/Extended_Data_Figure_6.pdf"	"Figures_Exported/Final_Feb2026/Extended_Data_Figure_6.pdf"	"reproducible_workflow/outputs/extended_figures/Extended_Data_Figure_6.pdf"	"PowerPoint slide 12 in Revision 1 prep/cfWGS_MRD_MM_Figures_Revision1_slim.pptx (11 embedded image assets)"	"Final Tables and Figures/F4C_cfWGS_prob_vs_time_updated5_label.png"	"Scripts_2025/Final_Scripts/4_1_Survival_Analysis.R"	3315	3464	"Longitudinal BM-derived cfWGS cVAF-model MRD probability by patient outcome"	"ggsave('Final Tables and Figures/F4C_cfWGS_prob_vs_time_updated5_label.png', p_prob2, width = 6, height = 4.5, dpi = 600)"	"survival_df; df; BM_zscore_only_detection_rate_prob; BM_zscore_only_detection_rate_call; progress_status; Time_to_event; p_prob; p_prob2"	"Exported_data_tables_clinical/Censor_dates_per_patient_for_PFS_updated.rds; Output_tables_2025/all_patients_with_BM_and_blood_calls_updated6.rds; Output_EasyM_MRD_analysis_2025/EasyM_all_samples_with_optimized_calls.csv"	"Final Tables and Figures/F4C_cfWGS_prob_vs_time_updated5_label.png; Extended_Data_Figure_6J_BM_probability_over_time_source_data.csv"	"Panel J title, x/y axes, patient-outcome legend, sample counts, and exported PNG filename match the assembled figure."	"confirmed"	""	"Generated mode redraws this panel from the cached survival/call table, preserving the original non-diagnosis filter, BM cVAF probability column, 0.4215524 threshold line, outcome colors, label counts, axis labels, and export dimensions. No model rescoring, threshold recomputation, or progression-outcome recomputation is performed."
"EDFIG6K"	"extended_data_figure"	"Extended_Data_Figure_6"	"K"	"Extended_Data_Figure_6.pdf"	"Figures_Exported/Final_Feb2026/Extended_Data_Figure_6.pdf"	"Figures_Exported/Final_Feb2026/Extended_Data_Figure_6.pdf"	"reproducible_workflow/outputs/extended_figures/Extended_Data_Figure_6.pdf"	"PowerPoint slide 12 in Revision 1 prep/cfWGS_MRD_MM_Figures_Revision1_slim.pptx (11 embedded image assets)"	"Final Tables and Figures/Fig_4D_time_to_relapse_footer3cols_BM_muts.png"	"Scripts_2025/Final_Scripts/4_1_Survival_Analysis.R"	3680	3815	"BM-derived cfWGS cVAF-model MRD probability versus days until relapse/censor"	"ggsave('Final Tables and Figures/Fig_4D_time_to_relapse_footer3cols_BM_muts.png', final_plot, width = 5.5, height = 5.5, dpi = 600)"	"survival_df; plot_df2; BM_zscore_only_detection_rate_prob; days_plot; rho_all; rho_pre; final_plot; Spearman method"	"Exported_data_tables_clinical/Censor_dates_per_patient_for_PFS_updated.rds; Output_tables_2025/all_patients_with_BM_and_blood_calls_updated6.rds; Output_EasyM_MRD_analysis_2025/EasyM_all_samples_with_optimized_calls.csv"	"Final Tables and Figures/Fig_4D_time_to_relapse_footer3cols_BM_muts.png; Extended_Data_Figure_6K_BM_time_to_relapse_source_data.csv; Extended_Data_Figure_6K_BM_time_to_relapse_spearman_annotations.csv"	"Panel K title, probability axis, days-until-relapse axis, correlation annotations, and exported PNG filename match the assembled figure."	"confirmed"	""	"Generated mode redraws this panel from the cached survival/call table, preserving the original non-diagnosis filter, BM cVAF probability column, 0.35 threshold line, infinity censor sentinel, Spearman annotation footer, outcome colors, axis labels, and export dimensions. No model rescoring, threshold recomputation, or progression-outcome recomputation is performed."
"EDFIG7A"	"extended_data_figure"	"Extended_Data_Figure_7"	"A"	"Extended_Data_Figure_7.pdf"	"Figures_Exported/Final_Feb2026/Extended_Data_Figure_7.pdf"	"Figures_Exported/Final_Feb2026/Extended_Data_Figure_7.pdf"	"reproducible_workflow/outputs/extended_figures/Extended_Data_Figure_7.pdf"	"PowerPoint slide 13 in Revision 1 prep/cfWGS_MRD_MM_Figures_Revision1_slim.pptx (8 embedded image assets)"	"ExtendedDataFigure7A_patient_grouped_repeated_nested_cv.png"	"Scripts_2025/Final_Scripts/6_14_Generate_Grouped_CV_Manuscript_Replacement_Panels.R"	255	420	"Patient-grouped repeated nested-CV ROC and operating-point panel"	"save_panel(..., 'ExtendedDataFigure7A_patient_grouped_repeated_nested_cv')"	"mean_roc; fold_operating_summary; completed grouped-CV performance summary"	"Completed 50-repeat combined patient-grouped repeated nested-CV output from 6_13"	"ExtendedDataFigure7A_patient_grouped_repeated_nested_cv.png; repeated_grouped_cv_mean_roc_source_data.csv; grouped_cv_fold_operating_point_source_data.csv"	"Current Extended Data panel generator reads the completed 50-repeat grouped nested-CV result."	"confirmed"	""	"The plotting script does not refit models or change folds, features, thresholds, or predictions."
"EDFIG7B"	"extended_data_figure"	"Extended_Data_Figure_7"	"B"	"Extended_Data_Figure_7.pdf"	"Figures_Exported/Final_Feb2026/Extended_Data_Figure_7.pdf"	"Figures_Exported/Final_Feb2026/Extended_Data_Figure_7.pdf"	"reproducible_workflow/outputs/extended_figures/Extended_Data_Figure_7.pdf"	"PowerPoint slide 13 in Revision 1 prep/cfWGS_MRD_MM_Figures_Revision1_slim.pptx (8 embedded image assets)"	"Final Tables and Figures/Supp7A_classifier_performance_bar_updated_blood_muts2.png"	"Scripts_2025/Final_Scripts/3_1_Optimize_cfWGS_thresholds.R"	4410	4577	"Blood/cfDNA training-cohort model performance bar plot"	"ggsave(file.path('Final Tables and Figures/Supp7A_classifier_performance_bar_updated_blood_muts2.png'), plot = p_perf, width = 5, height = 3.5, dpi = 600)"	"metrics_youden; metrics_at_95sens; blood/cfDNA model labels; p_perf; Extended_Data_Figure_7B_blood_refit_performance_source_data.csv"	"cached blood/cfDNA Youden and fixed-95%-sensitivity metric RDS files; no model refitting"	"Supp7A_classifier_performance_bar_updated_blood_muts2.png; Supplementary_Table_5_All_Model_Metrics_Refit_on_main_cohort.csv; cfWGS_model_metrics_youden_threshold3_Feb2026.rds; cfWGS_model_metrics_fixed_95sens3_Feb2026.rds"	"Panel B title, metric facets, model labels, and 95% sensitivity marker match the retained PNG."	"confirmed"	""	"Generated mode redraws this panel from cached metrics and records minor PNG format differences; no model refitting or threshold recomputation is performed."
"EDFIG7C"	"extended_data_figure"	"Extended_Data_Figure_7"	"C"	"Extended_Data_Figure_7.pdf"	"Figures_Exported/Final_Feb2026/Extended_Data_Figure_7.pdf"	"Figures_Exported/Final_Feb2026/Extended_Data_Figure_7.pdf"	"reproducible_workflow/outputs/extended_figures/Extended_Data_Figure_7.pdf"	"PowerPoint slide 13 in Revision 1 prep/cfWGS_MRD_MM_Figures_Revision1_slim.pptx (8 embedded image assets)"	"Final Tables and Figures/Supp_7B_classifier_performance_bar_test_cohort_updated3.png"	"Scripts_2025/Final_Scripts/3_1_Optimize_cfWGS_thresholds.R"	4580	4723	"Blood/cfDNA test-cohort model performance bar plot"	"ggsave(file.path('Final Tables and Figures/Supp_7B_classifier_performance_bar_test_cohort_updated3.png'), plot = p_perf, width = 5, height = 3.5, dpi = 600)"	"metrics_youden_testing; metrics_at_95sens_test; blood/cfDNA model labels; p_perf; Extended_Data_Figure_7C_blood_test_performance_source_data.csv"	"cached blood/cfDNA test-cohort Youden and fixed-95%-sensitivity metric RDS files; no model refitting; numeric NA-to-zero behavior preserved from original script"	"Supp_7B_classifier_performance_bar_test_cohort_updated3.png; Supplementary_Table_6_All_Model_Metrics_Test_Cohort.csv; cfWGS_model_metrics_youden_threshold_test_cohort3_Feb2026.rds; cfWGS_model_metrics_fixed_95sens_test_cohort3_Feb2026.rds"	"Panel C title, metric facets, model labels, and 95% sensitivity marker match the retained PNG."	"confirmed"	""	"Generated mode redraws this panel from cached metrics and records minor PNG format differences; no model refitting or threshold recomputation is performed. The original numeric NA-to-zero step is preserved for this panel."
"EDFIG7D"	"extended_data_figure"	"Extended_Data_Figure_7"	"D"	"Extended_Data_Figure_7.pdf"	"Figures_Exported/Final_Feb2026/Extended_Data_Figure_7.pdf"	"Figures_Exported/Final_Feb2026/Extended_Data_Figure_7.pdf"	"reproducible_workflow/outputs/extended_figures/Extended_Data_Figure_7.pdf"	"PowerPoint slide 13 in Revision 1 prep/cfWGS_MRD_MM_Figures_Revision1_slim.pptx (8 embedded image assets)"	"Final Tables and Figures/Fig5G_LOD_combined_HCaxis_v2_20260225.png"	"Scripts_2025/Final_Scripts/3_1_part2_Apply_cfWGS_thresholds_to_dilution_series.R"	2063	2286	"Blood/cfDNA dilution-series feature/probability correlations with healthy-control axis"	"write_csv(..., 'SourceData_ExtendedData7D_*_20260225.csv'); ggsave(..., 'Fig5G_LOD_combined_HCaxis_v2_20260225.png')"	"SourceData_ExtendedData7D_Blood_*_20260225.csv; blood_feat_with_hc; blood_prob_df; combined_blood_hc"	"exported Extended Data 7D source-data CSVs containing dilution points, healthy-control medians, correlations, probabilities, thresholds, and confirmatory-zone calls"	"Fig5G_LOD_combined_HCaxis_v2_20260225.png; Supplementary_Table_7_Dilution_Series_Combined.xlsx; SourceData_ExtendedData7D_*_20260225.csv"	"Panel D title, five facet labels, healthy-control x-axis tick, Spearman annotations, confirmatory zone, and model-threshold probability panels match the retained PNG."	"confirmed"	""	"Generated mode redraws this panel from the exported Extended Data 7D source-data CSVs; no model rescoring or threshold recomputation is performed. Earlier generic LOD exports exist, but this later block explicitly labels its source data as Extended Data 7D."
"EDFIG7E"	"extended_data_figure"	"Extended_Data_Figure_7"	"E"	"Extended_Data_Figure_7.pdf"	"Figures_Exported/Final_Feb2026/Extended_Data_Figure_7.pdf"	"Figures_Exported/Final_Feb2026/Extended_Data_Figure_7.pdf"	"reproducible_workflow/outputs/extended_figures/Extended_Data_Figure_7.pdf"	"PowerPoint slide 13 in Revision 1 prep/cfWGS_MRD_MM_Figures_Revision1_slim.pptx (8 embedded image assets)"	"Final Tables and Figures/Supp7D_ROC_performance_blood_updated4.png"	"Scripts_2025/Final_Scripts/3_1_Optimize_cfWGS_thresholds.R"	5470	5578	"Blood/cfDNA full-cohort ROC after refitting on all training samples"	"ggsave(file.path('Final Tables and Figures/Supp7D_ROC_performance_blood_updated4.png'), plot = roc_plot_final, width = 5.5, height = 4, dpi = 600)"	"all_cfWGS_models_list_v2_with_fragmentomics_restricted_cohorts.rds; all_model_thresholds_v2_with_fragmentomics_restricted_cohorts.rds; reconstructed blood training feature matrix; roc_df; marker_pts; Extended_Data_Figure_7E_* CSVs; roc_plot_final"	"frozen final full-training blood/cfDNA model list, frozen threshold vector, and aggregate/cohort/quality inputs used to reconstruct the blood training feature matrix"	"Supp7D_ROC_performance_blood_updated4.png; Extended_Data_Figure_7E_blood_refit_ROC_source_data.csv; Extended_Data_Figure_7E_blood_refit_ROC_marked_thresholds.csv; Extended_Data_Figure_7E_blood_refit_predictions.csv"	"Panel E title, ROC axes, Sites/Combined model legend, and marked threshold points match the retained PNG."	"confirmed"	""	"Generated mode attempts to redraw this panel by applying frozen final refit models to the reconstructed blood training feature matrix. No model refitting, fold reassignment, or threshold recomputation is performed, and the 0.380 blood-sites confirmatory marker is preserved from the original plotting block. If the reconstructed matrix does not exactly match frozen full-refit model inputs, the retained manuscript component is copied and marked requires_cached_intermediate."
"EDFIG7F"	"extended_data_figure"	"Extended_Data_Figure_7"	"F"	"Extended_Data_Figure_7.pdf"	"Figures_Exported/Final_Feb2026/Extended_Data_Figure_7.pdf"	"Figures_Exported/Final_Feb2026/Extended_Data_Figure_7.pdf"	"reproducible_workflow/outputs/extended_figures/Extended_Data_Figure_7.pdf"	"PowerPoint slide 13 in Revision 1 prep/cfWGS_MRD_MM_Figures_Revision1_slim.pptx (8 embedded image assets)"	"Final Tables and Figures/Fig5_confmat_post_ASCT_blood_updated6.png"	"Scripts_2025/Final_Scripts/3_2_Plot_optimal_cutoff_and_clinical_concordance.R"	1890	1945	"Blood/cfDNA cfWGS versus clinical MRD concordance at post-ASCT"	"ggsave('Final Tables and Figures/Fig5_confmat_post_ASCT_blood_updated6.png', p_post, width = 5, height = 2.75, dpi = 600)"	"all_patients_with_BM_and_blood_calls_updated6.rds; ct_post_Flow; ct_post_Clono; cm_post; p_post; clinical_confusion_Blood_post_ASCT_source_data.csv"	"cached optimized blood/cfDNA cfWGS calls and clinical MFC/clonoSEQ MRD calls at post-ASCT"	"Fig5_confmat_post_ASCT_blood_updated6.png; Fig5_confmat_post_ASCT_blood_updated6_source_data.csv; clinical_confusion_Blood_post_ASCT_source_data.csv"	"Panel F title, axes (Clinical MRD/cfWGS MRD), Flow and clonoSEQ facets, and tile counts match the clinical-concordance output."	"confirmed"	""	"Generated mode redraws this panel from Output_tables_2025/all_patients_with_BM_and_blood_calls_updated6.rds using the original clinical-comparator filters; no model rescoring or threshold recomputation is performed. The current generated component uses the updated6 clinical-concordance output for this panel."
"EDFIG7G"	"extended_data_figure"	"Extended_Data_Figure_7"	"G"	"Extended_Data_Figure_7.pdf"	"Figures_Exported/Final_Feb2026/Extended_Data_Figure_7.pdf"	"Figures_Exported/Final_Feb2026/Extended_Data_Figure_7.pdf"	"reproducible_workflow/outputs/extended_figures/Extended_Data_Figure_7.pdf"	"PowerPoint slide 13 in Revision 1 prep/cfWGS_MRD_MM_Figures_Revision1_slim.pptx (8 embedded image assets)"	"Final Tables and Figures/Fig5_confmat_maintenance_blood_updated6.png"	"Scripts_2025/Final_Scripts/3_2_Plot_optimal_cutoff_and_clinical_concordance.R"	1890	1945	"Blood/cfDNA cfWGS versus clinical MRD concordance at one-year maintenance"	"ggsave('Final Tables and Figures/Fig5_confmat_maintenance_blood_updated6.png', p_maint, width = 5, height = 2.75, dpi = 600)"	"all_patients_with_BM_and_blood_calls_updated6.rds; ct_maint_Flow; ct_maint_Clono; cm_maint; p_maint; clinical_confusion_Blood_maintenance_source_data.csv"	"cached optimized blood/cfDNA cfWGS calls and clinical MFC/clonoSEQ MRD calls at one-year maintenance"	"Fig5_confmat_maintenance_blood_updated6.png; Fig5_confmat_maintenance_blood_updated6_source_data.csv; clinical_confusion_Blood_maintenance_source_data.csv"	"Panel G title, axes, Flow and clonoSEQ facets, and tile counts match the clinical-concordance output."	"confirmed"	""	"Generated mode redraws this panel from Output_tables_2025/all_patients_with_BM_and_blood_calls_updated6.rds using the original clinical-comparator filters; no model rescoring or threshold recomputation is performed. The current generated component uses the updated6 clinical-concordance output for this panel."
"EDFIG7H"	"extended_data_figure"	"Extended_Data_Figure_7"	"H"	"Extended_Data_Figure_7.pdf"	"Figures_Exported/Final_Feb2026/Extended_Data_Figure_7.pdf"	"Figures_Exported/Final_Feb2026/Extended_Data_Figure_7.pdf"	"reproducible_workflow/outputs/extended_figures/Extended_Data_Figure_7.pdf"	"PowerPoint slide 13 in Revision 1 prep/cfWGS_MRD_MM_Figures_Revision1_slim.pptx (8 embedded image assets)"	"Final Tables and Figures/Fig5_confmat_nonfront_blood_updated6.png"	"Scripts_2025/Final_Scripts/3_2_Plot_optimal_cutoff_and_clinical_concordance.R"	1890	1945	"Blood/cfDNA cfWGS versus clinical MRD concordance in the non-frontline/test cohort"	"ggsave('Final Tables and Figures/Fig5_confmat_nonfront_blood_updated6.png', p_non, width = 3, height = 2.75, dpi = 600)"	"all_patients_with_BM_and_blood_calls_updated6.rds; ct_non_Flow; cm_non; p_non; clinical_confusion_Blood_nonfront_source_data.csv"	"cached optimized blood/cfDNA cfWGS calls and clinical MFC MRD calls in the non-frontline/test cohort"	"Fig5_confmat_nonfront_blood_updated6.png; Fig5_confmat_nonfront_blood_updated6_source_data.csv; clinical_confusion_Blood_nonfront_source_data.csv"	"Panel H title, axes, Flow facet, and tile counts match the clinical-concordance output."	"confirmed"	""	"Generated mode redraws this panel from Output_tables_2025/all_patients_with_BM_and_blood_calls_updated6.rds using the original non-frontline diagnosis/baseline exclusions; no model rescoring or threshold recomputation is performed. The current generated component uses the updated6 clinical-concordance output for this panel."
"EDFIG8A"	"extended_data_figure"	"Extended_Data_Figure_8"	"A"	"Extended_Data_Figure_8.pdf"	"Figures_Exported/Final_Feb2026/Extended_Data_Figure_8.pdf"	"Figures_Exported/Final_Feb2026/Extended_Data_Figure_8.pdf"	"reproducible_workflow/outputs/extended_figures/Extended_Data_Figure_8.pdf"	"PowerPoint slide 14 in Revision 1 prep/cfWGS_MRD_MM_Figures_Revision1_slim.pptx (6 embedded image assets)"	"Final Tables and Figures/Supp_8A_Fig_sensitivity_by_tech_training_blood2_2026-02-25.png"	"Scripts_2025/Final_Scripts/4_1_Survival_Analysis.R"	1410	1489	"Blood/cfDNA sensitivity by assay and landmark timepoint"	"write_csv(..., 'Supp_8A_blood_sensitivity_barplot_source_data_<date>.csv'); ggsave(..., 'Supp_8A_Fig_sensitivity_by_tech_training_blood2_<date>.png')"	"post_stats_blood; year_stats_blood; sens_df_blood; p_sens_blood; Supp_8A_blood_sensitivity_barplot_source_data_2026-02-25.csv"	"exported frontline post-ASCT and 1-year maintenance blood/cfDNA cfWGS and clinical MRD assay sensitivity source data"	"Output_tables_2025/Source_data/Supp_8A_blood_sensitivity_barplot_source_data_2026-02-25.csv; Supp_8A_Fig_sensitivity_by_tech_training_blood2_2026-02-25.png"	"Panel A title, y-axis, assay labels, percentages, colors, and exported PNG filename match the assembled figure."	"confirmed"	""	"Generated mode redraws this panel from the exported Supp_8A source-data CSV; no patient-level sensitivity recomputation, model rescoring, or threshold recomputation is performed. PowerPoint slide 14 embeds this top-left image as labeled panel A."
"EDFIG8B"	"extended_data_figure"	"Extended_Data_Figure_8"	"B"	"Extended_Data_Figure_8.pdf"	"Figures_Exported/Final_Feb2026/Extended_Data_Figure_8.pdf"	"Figures_Exported/Final_Feb2026/Extended_Data_Figure_8.pdf"	"reproducible_workflow/outputs/extended_figures/Extended_Data_Figure_8.pdf"	"PowerPoint slide 14 in Revision 1 prep/cfWGS_MRD_MM_Figures_Revision1_slim.pptx (6 embedded image assets)"	"Final Tables and Figures/SuppFig8B_cfWGS_blood_HR_updated3_2026-02-25.png"	"Scripts_2025/Final_Scripts/4_1_Survival_Analysis.R"	3020	3149	"Blood/cfDNA hazard-ratio forest plot by MRD assay and landmark timepoint"	"write_csv(..., 'SuppFig8B_blood_HR_plot_source_data_<date>.csv'); ggsave(..., 'SuppFig8B_cfWGS_blood_HR_updated3_<date>.png')"	"progression_metrics_blood; progression_metrics_blood_combined; hr_plot_df_blood; p_hr; SuppFig8B_blood_HR_plot_source_data_2026-02-25.csv"	"exported blood/cfDNA cfWGS/clinical MRD hazard-ratio source data by landmark timepoint"	"Output_tables_2025/Source_data/SuppFig8B_blood_HR_plot_source_data_2026-02-25.csv; SuppFig8B_cfWGS_blood_HR_updated3_2026-02-25.png"	"Panel B title, log hazard-ratio axis, assay legend, landmark labels, and exported PNG filename match the assembled figure."	"confirmed"	""	"Generated mode redraws this panel from the exported SuppFig8B source-data CSV; no survival-model refitting, patient-level recomputation, model rescoring, or threshold recomputation is performed. PowerPoint slide 14 embeds this top-right image as labeled panel B."
"EDFIG8C"	"extended_data_figure"	"Extended_Data_Figure_8"	"C"	"Extended_Data_Figure_8.pdf"	"Figures_Exported/Final_Feb2026/Extended_Data_Figure_8.pdf"	"Figures_Exported/Final_Feb2026/Extended_Data_Figure_8.pdf"	"reproducible_workflow/outputs/extended_figures/Extended_Data_Figure_8.pdf"	"PowerPoint slide 14 in Revision 1 prep/cfWGS_MRD_MM_Figures_Revision1_slim.pptx (6 embedded image assets)"	"Output_tables_2025/detection_progression_updated6/post_transplant/KM_cfWGS of cfDNA-Derived Mutations (Sites Model)_Post‑ASCT_updated_no_CI.png"	"Scripts_2025/Final_Scripts/4_1_Survival_Analysis.R"	342	584	"Kaplan-Meier PFS curve for cfDNA-derived sites model at post-ASCT"	"ggsave(filename = fname, plot = combined, width = 7, height = 7, dpi = dpi_target)"	"survival_df; techs; Blood_zscore_only_sites_call; df_sub; first sample per patient; 30.44 days/month; survfit object; combined KM/risk-table grob"	"Exported_data_tables_clinical/Censor_dates_per_patient_for_PFS_updated.rds; Output_tables_2025/all_patients_with_BM_and_blood_calls_updated6.rds; Output_EasyM_MRD_analysis_2025/EasyM_all_samples_with_optimized_calls.csv"	"Output_tables_2025/detection_progression_updated6/post_transplant/KM_cfWGS of cfDNA-Derived Mutations (Sites Model)_Post‑ASCT_updated_no_CI.png; Extended_Data_Figure_8C_blood_sites_model_post_ASCT_KM_source_data.csv"	"Panel C title, MRD status legend, p-value, risk table, and post-ASCT cfDNA sites-model label match the saved KM export."	"confirmed"	""	"Generated mode rebuilds the post-ASCT survival table from cached censor dates and cached cfWGS/clinical-call inputs, then redraws the final no-CI Kaplan-Meier panel with the original first-sample-per-patient, log-rank p-value, risk table, color, and label settings. No model rescoring, threshold recomputation, or training-model refitting is performed."
"EDFIG8D"	"extended_data_figure"	"Extended_Data_Figure_8"	"D"	"Extended_Data_Figure_8.pdf"	"Figures_Exported/Final_Feb2026/Extended_Data_Figure_8.pdf"	"Figures_Exported/Final_Feb2026/Extended_Data_Figure_8.pdf"	"reproducible_workflow/outputs/extended_figures/Extended_Data_Figure_8.pdf"	"PowerPoint slide 14 in Revision 1 prep/cfWGS_MRD_MM_Figures_Revision1_slim.pptx (6 embedded image assets)"	"Final Tables and Figures/Supp_Fig_8_Fig_sensitivity_windows_blood_test_cohort3.png"	"Scripts_2025/Final_Scripts/4_1_Survival_Analysis.R"	4847	4903	"Blood/cfDNA test-cohort sensitivity across relapse prediction windows"	"ggsave('Final Tables and Figures/Supp_Fig_8_Fig_sensitivity_windows_blood_test_cohort3.png', plot = p_sens_blood, width = 5, height = 5, dpi = 500)"	"results_blood; sens_blood_df; original 90/180/365/730-day windows; assay recoding; cfWGS_BM exclusion; p_sens_blood"	"Output_tables_2025/detection_progression_updated5/blood_cfWGS_timewindow_results2.csv"	"Output_tables_2025/detection_progression_updated5/blood_cfWGS_timewindow_results2.csv; Extended_Data_Figure_8D_blood_sensitivity_windows_source_data.csv; Supplementary_Table_9_timewindow_results_test_cohort.xlsx"	"Panel D title, window legend, assay labels, sensitivity percentages, and exported PNG filename match the assembled figure."	"confirmed"	""	"Generated mode redraws this panel from the cached blood/cfDNA time-window CSV used for Supplementary Table 9, preserving the original assay recoding, cfWGS_BM exclusion, 90/180/365/730-day windows, percent labels, color palette, y-axis limits, and export dimensions. No progression-window recomputation, model rescoring, or threshold recomputation is performed."
"EDFIG8E"	"extended_data_figure"	"Extended_Data_Figure_8"	"E"	"Extended_Data_Figure_8.pdf"	"Figures_Exported/Final_Feb2026/Extended_Data_Figure_8.pdf"	"Figures_Exported/Final_Feb2026/Extended_Data_Figure_8.pdf"	"reproducible_workflow/outputs/extended_figures/Extended_Data_Figure_8.pdf"	"PowerPoint slide 14 in Revision 1 prep/cfWGS_MRD_MM_Figures_Revision1_slim.pptx (6 embedded image assets)"	"Final Tables and Figures/F4C_cfWGS_prob_vs_time_updated3_blood2_labelled3.png"	"Scripts_2025/Final_Scripts/4_1_Survival_Analysis.R"	3880	4022	"Longitudinal blood/cfDNA sites-model MRD probability by patient outcome"	"ggsave('Final Tables and Figures/F4C_cfWGS_prob_vs_time_updated3_blood2_labelled3.png', p_prob2, width = 6, height = 4.5, dpi = 600)"	"survival_df; df; Blood_zscore_only_sites_prob; Blood_zscore_only_sites_call; progress_status; Time_to_event; p_prob; p_prob2"	"Exported_data_tables_clinical/Censor_dates_per_patient_for_PFS_updated.rds; Output_tables_2025/all_patients_with_BM_and_blood_calls_updated6.rds; Output_EasyM_MRD_analysis_2025/EasyM_all_samples_with_optimized_calls.csv"	"Final Tables and Figures/F4C_cfWGS_prob_vs_time_updated3_blood2_labelled3.png; Extended_Data_Figure_8E_blood_probability_over_time_source_data.csv"	"Panel E title, x/y axes, patient-outcome legend, and sample counts match the saved labeled PNG."	"confirmed"	""	"Generated mode redraws panel E from the cached survival/call table, preserving the original non-diagnosis filter, blood/cfDNA sites-model probability column, 0.5166693 threshold line, outcome colors, label counts, axis labels, and export dimensions. No model rescoring, threshold recomputation, or progression-outcome recomputation is performed."
"EDFIG8F"	"extended_data_figure"	"Extended_Data_Figure_8"	"F"	"Extended_Data_Figure_8.pdf"	"Figures_Exported/Final_Feb2026/Extended_Data_Figure_8.pdf"	"Figures_Exported/Final_Feb2026/Extended_Data_Figure_8.pdf"	"reproducible_workflow/outputs/extended_figures/Extended_Data_Figure_8.pdf"	"PowerPoint slide 14 in Revision 1 prep/cfWGS_MRD_MM_Figures_Revision1_slim.pptx (6 embedded image assets)"	"Final Tables and Figures/Fig_4D_time_to_relapse_footer3cols_blood_muts.png"	"Scripts_2025/Final_Scripts/4_1_Survival_Analysis.R"	4210	4392	"Blood/cfDNA sites-model MRD probability versus days until relapse/censor"	"ggsave('Final Tables and Figures/Fig_4D_time_to_relapse_footer3cols_blood_muts.png', final_plot, width = 5.5, height = 5.5, dpi = 600)"	"survival_df; plot_df2; Blood_zscore_only_sites_prob; days_plot; rho_all; rho_pre; final_plot; Spearman method"	"Exported_data_tables_clinical/Censor_dates_per_patient_for_PFS_updated.rds; Output_tables_2025/all_patients_with_BM_and_blood_calls_updated6.rds; Output_EasyM_MRD_analysis_2025/EasyM_all_samples_with_optimized_calls.csv"	"Final Tables and Figures/Fig_4D_time_to_relapse_footer3cols_blood_muts.png; Extended_Data_Figure_8F_blood_time_to_relapse_source_data.csv; Extended_Data_Figure_8F_blood_time_to_relapse_spearman_annotations.csv"	"Panel F title, probability axis, days-until-relapse axis, correlation annotations, and exported PNG filename match the saved component."	"confirmed"	""	"Generated mode redraws panel F from the cached survival/call table, preserving the original non-diagnosis filter, blood/cfDNA sites-model probability column, 0.5166693 threshold line, infinity censor sentinel, Spearman annotation footer, outcome colors, axis labels, and export dimensions. One out-of-range point remains outside the retained x-axis limits as in the original plotted component. No model rescoring, threshold recomputation, or progression-outcome recomputation is performed."
"EDFIG9A"	"extended_data_figure"	"Extended_Data_Figure_9"	"A"	"Extended_Data_Figure_9.pdf"	"Figures_Exported/Final_Feb2026/Extended_Data_Figure_9.pdf"	"Figures_Exported/Final_Feb2026/Extended_Data_Figure_9.pdf"	"reproducible_workflow/outputs/extended_figures/Extended_Data_Figure_9.pdf"	"PowerPoint slide 15 in Revision 1 prep/cfWGS_MRD_MM_Figures_Revision1_slim.pptx (5 embedded image assets)"	"ExtendedDataFigure9A_patient_grouped_repeated_nested_cv.png"	"Scripts_2025/Final_Scripts/6_14_Generate_Grouped_CV_Manuscript_Replacement_Panels.R"	255	420	"Patient-grouped repeated nested-CV ROC and operating-point panel"	"save_panel(..., 'ExtendedDataFigure9A_patient_grouped_repeated_nested_cv')"	"mean_roc; fold_operating_summary; completed grouped-CV performance summary"	"Completed 50-repeat combined patient-grouped repeated nested-CV output from 6_13"	"ExtendedDataFigure9A_patient_grouped_repeated_nested_cv.png; repeated_grouped_cv_mean_roc_source_data.csv; grouped_cv_fold_operating_point_source_data.csv"	"Current Extended Data panel generator reads the completed 50-repeat grouped nested-CV result."	"confirmed"	""	"The plotting script does not refit models or change folds, features, thresholds, or predictions."
"EDFIG9B"	"extended_data_figure"	"Extended_Data_Figure_9"	"B"	"Extended_Data_Figure_9.pdf"	"Figures_Exported/Final_Feb2026/Extended_Data_Figure_9.pdf"	"Figures_Exported/Final_Feb2026/Extended_Data_Figure_9.pdf"	"reproducible_workflow/outputs/extended_figures/Extended_Data_Figure_9.pdf"	"PowerPoint slide 15 in Revision 1 prep/cfWGS_MRD_MM_Figures_Revision1_slim.pptx (5 embedded image assets)"	"ExtendedDataFigure9B_patient_grouped_repeated_nested_cv.png"	"Scripts_2025/Final_Scripts/6_14_Generate_Grouped_CV_Manuscript_Replacement_Panels.R"	255	420	"Patient-grouped repeated nested-CV ROC and operating-point panel"	"save_panel(..., 'ExtendedDataFigure9B_patient_grouped_repeated_nested_cv')"	"mean_roc; fold_operating_summary; completed grouped-CV performance summary"	"Completed 50-repeat combined patient-grouped repeated nested-CV output from 6_13"	"ExtendedDataFigure9B_patient_grouped_repeated_nested_cv.png; repeated_grouped_cv_mean_roc_source_data.csv; grouped_cv_fold_operating_point_source_data.csv"	"Current Extended Data panel generator reads the completed 50-repeat grouped nested-CV result."	"confirmed"	""	"The plotting script does not refit models or change folds, features, thresholds, or predictions."
"EDFIG9C"	"extended_data_figure"	"Extended_Data_Figure_9"	"C"	"Extended_Data_Figure_9.pdf"	"Figures_Exported/Final_Feb2026/Extended_Data_Figure_9.pdf"	"Figures_Exported/Final_Feb2026/Extended_Data_Figure_9.pdf"	"reproducible_workflow/outputs/extended_figures/Extended_Data_Figure_9.pdf"	"PowerPoint slide 15 in Revision 1 prep/cfWGS_MRD_MM_Figures_Revision1_slim.pptx (5 embedded image assets)"	"Final Tables and Figures/Supp9D_classifier_performance_bar_updated_frag2.png"	"Scripts_2025/Final_Scripts/3_1_Optimize_cfWGS_thresholds.R"	4728	4865	"Fragmentomics training-cohort model performance bar plot"	"ggsave(file.path('Final Tables and Figures/Supp9D_classifier_performance_bar_updated_frag2.png'), plot = p_perf, width = 5, height = 3.5, dpi = 600)"	"metrics_youden; metrics_at_95sens; fragmentomics model labels; p_perf; Extended_Data_Figure_9C_fragmentomics_refit_performance_source_data.csv"	"cached full-cohort fragmentomics Youden and fixed-95%-sensitivity metric RDS files; no model refitting"	"Supp9D_classifier_performance_bar_updated_frag2.png; Supplementary_Table_5_All_Model_Metrics_Refit_on_main_cohort.csv; cfWGS_model_metrics_youden_threshold3_Feb2026.rds; cfWGS_model_metrics_fixed_95sens3_Feb2026.rds"	"Panel C title, metric facets, fragmentomics model labels, and 95% sensitivity marker match the retained PNG."	"confirmed"	""	"Generated mode redraws this panel from cached metrics and records minor PNG format differences; no model refitting or threshold recomputation is performed."
"EDFIG9D"	"extended_data_figure"	"Extended_Data_Figure_9"	"D"	"Extended_Data_Figure_9.pdf"	"Figures_Exported/Final_Feb2026/Extended_Data_Figure_9.pdf"	"Figures_Exported/Final_Feb2026/Extended_Data_Figure_9.pdf"	"reproducible_workflow/outputs/extended_figures/Extended_Data_Figure_9.pdf"	"PowerPoint slide 15 in Revision 1 prep/cfWGS_MRD_MM_Figures_Revision1_slim.pptx (5 embedded image assets)"	"Final Tables and Figures/Supp_Fig9F_classifier_performance_bar_test_cohort_updated2_frag2.png"	"Scripts_2025/Final_Scripts/3_1_Optimize_cfWGS_thresholds.R"	4868	5007	"Fragmentomics test-cohort model performance bar plot"	"ggsave(file.path('Final Tables and Figures/Supp_Fig9F_classifier_performance_bar_test_cohort_updated2_frag2.png'), plot = p_perf, width = 5, height = 3.5, dpi = 600)"	"metrics_youden_testing; metrics_at_95sens_test; fragmentomics model labels; p_perf; Extended_Data_Figure_9D_fragmentomics_test_performance_source_data.csv"	"cached full-cohort fragmentomics test-cohort Youden and fixed-95%-sensitivity metric RDS files; no model refitting"	"Supp_Fig9F_classifier_performance_bar_test_cohort_updated2_frag2.png; Supplementary_Table_6_All_Model_Metrics_Test_Cohort.csv; cfWGS_model_metrics_youden_threshold_test_cohort3_Feb2026.rds; cfWGS_model_metrics_fixed_95sens_test_cohort3_Feb2026.rds"	"Panel D title, metric facets, fragmentomics model labels, and 95% sensitivity marker match the retained PNG."	"confirmed"	""	"Generated mode redraws this panel from cached metrics and records minor PNG format differences; no model refitting or threshold recomputation is performed."
"EDFIG9E"	"extended_data_figure"	"Extended_Data_Figure_9"	"E"	"Extended_Data_Figure_9.pdf"	"Figures_Exported/Final_Feb2026/Extended_Data_Figure_9.pdf"	"Figures_Exported/Final_Feb2026/Extended_Data_Figure_9.pdf"	"reproducible_workflow/outputs/extended_figures/Extended_Data_Figure_9.pdf"	"PowerPoint slide 15 in Revision 1 prep/cfWGS_MRD_MM_Figures_Revision1_slim.pptx (5 embedded image assets)"	"Final Tables and Figures/Supp_Fig9E_confusion_tables_primary_fragmentomics4.png"	"Scripts_2025/Final_Scripts/3_1_Optimize_cfWGS_thresholds.R"	5012	5100	"Fragmentomics training-cohort model confusion matrices"	"ggsave('Final Tables and Figures/Supp_Fig9E_confusion_tables_primary_fragmentomics4.png', plot = p_tables, width = 5, height = 2.75, dpi = 600)"	"nested_fragmentomics_validation_updated3; thresh; train_fragmentomics; cm_df; p_tables; Extended_Data_Figure_9E_fragmentomics_train_confusion_source_data.csv"	"cached fragmentomics caret models and thresholds; aggregate feature RDS; cohort assignment RDS; train_fragmentomics.RData validation file"	"Supp_Fig9E_confusion_tables_primary_fragmentomics4.png; nested_fragmentomics_validation_updated3_original.rds; Final_aggregate_table_cfWGS_features_with_clinical_and_demographics_updated9.rds; cohort_assignment_table_updated.rds; train_fragmentomics.RData"	"Panel E title, predicted/observed axes, facet labels, and tile counts match the retained PNG."	"confirmed"	""	"Generated mode attempts to rebuild this panel by applying cached caret models and thresholds to reconstructed training feature inputs. The reconstruction is checked against train_fragmentomics.RData. If the current reconstruction is not identical, the retained manuscript component is copied and marked requires_cached_intermediate rather than applying cached models to non-identical inputs."
"EDFIG9F"	"extended_data_figure"	"Extended_Data_Figure_9"	"F"	"Extended_Data_Figure_9.pdf"	"Figures_Exported/Final_Feb2026/Extended_Data_Figure_9.pdf"	"Figures_Exported/Final_Feb2026/Extended_Data_Figure_9.pdf"	"reproducible_workflow/outputs/extended_figures/Extended_Data_Figure_9.pdf"	"PowerPoint slide 15 in Revision 1 prep/cfWGS_MRD_MM_Figures_Revision1_slim.pptx (5 embedded image assets)"	"Final Tables and Figures/Supp_Fig9F_confusion_tables_val_fragmentomics3.png"	"Scripts_2025/Final_Scripts/3_1_Optimize_cfWGS_thresholds.R"	5103	5181	"Fragmentomics test-cohort model confusion matrices"	"ggsave('Final Tables and Figures/Supp_Fig9F_confusion_tables_val_fragmentomics3.png', plot = p_tables, width = 5, height = 2.75, dpi = 600)"	"nested_fragmentomics_validation_updated3; thresh; hold_fragmentomics; cm_df; p_tables; Extended_Data_Figure_9F_fragmentomics_test_confusion_source_data.csv"	"cached fragmentomics caret models and thresholds; aggregate feature RDS; cohort assignment RDS; train_fragmentomics.RData validation file"	"Supp_Fig9F_confusion_tables_val_fragmentomics3.png; nested_fragmentomics_validation_updated3_original.rds; Final_aggregate_table_cfWGS_features_with_clinical_and_demographics_updated9.rds; cohort_assignment_table_updated.rds; train_fragmentomics.RData"	"Panel F title, predicted/observed axes, facet labels, and tile counts match the retained PNG."	"confirmed"	""	"Generated mode attempts to rebuild this panel by applying cached caret models and thresholds to reconstructed non-frontline feature inputs after validating the shared training reconstruction against train_fragmentomics.RData. If the current reconstruction is not identical, the retained manuscript component is copied and marked requires_cached_intermediate rather than applying cached models to non-identical inputs."
"EDFIG10A_B_A"	"extended_data_figure"	"Extended_Data_Figure_10"	"A"	"Extended_Data_Figure_10.pdf"	"Figures_Exported/Final_Feb2026/Extended_Data_Figure_10.pdf"	"Figures_Exported/Final_Feb2026/Extended_Data_Figure_10.pdf"	"reproducible_workflow/outputs/extended_figures/Extended_Data_Figure_10.pdf"	"PowerPoint slide 16 in Revision 1 prep/cfWGS_MRD_MM_Figures_Revision1_slim.pptx (5 embedded image assets)"	"External ichorCNA genome-wide CNA component plots copied into PowerPoint; supporting Emergent_CNA_events.csv in repo"	"External ichorCNA workflow outside this repo; supporting repo script: Scripts_2025/Final_Scripts/4_2_Compare_subclonal_evolution.R"			"Externally generated ichorCNA genome-wide CNA tracks with repo-side supporting event table"	"external ichorCNA export copied into PowerPoint; write.csv(..., 'Emergent_CNA_events.csv') for supporting events"	"ichorCNA CNA tracks; copy-number segments; subclone fractions; emergent CNA event summaries"	"external ichorCNA outputs; Sequenza/CNA outputs and longitudinal sample metadata"	"PowerPoint-embedded ichorCNA component plots; Emergent_CNA_events.csv"	"User confirmed ED Figure 10 was made from ichorCNA outside this repo and copied over; final PDF/PPT text includes sample IDs, tumor fraction, ploidy, and subclone fractions consistent with the supporting event table."	"confirmed"	""	"No missing in-repo plotting code is expected for this figure. The reproducible workflow preserves the copied final PDF and records the external ichorCNA dependency. Expanded from grouped panel provenance row."
"EDFIG10A_B_B"	"extended_data_figure"	"Extended_Data_Figure_10"	"B"	"Extended_Data_Figure_10.pdf"	"Figures_Exported/Final_Feb2026/Extended_Data_Figure_10.pdf"	"Figures_Exported/Final_Feb2026/Extended_Data_Figure_10.pdf"	"reproducible_workflow/outputs/extended_figures/Extended_Data_Figure_10.pdf"	"PowerPoint slide 16 in Revision 1 prep/cfWGS_MRD_MM_Figures_Revision1_slim.pptx (5 embedded image assets)"	"External ichorCNA genome-wide CNA component plots copied into PowerPoint; supporting Emergent_CNA_events.csv in repo"	"External ichorCNA workflow outside this repo; supporting repo script: Scripts_2025/Final_Scripts/4_2_Compare_subclonal_evolution.R"			"Externally generated ichorCNA genome-wide CNA tracks with repo-side supporting event table"	"external ichorCNA export copied into PowerPoint; write.csv(..., 'Emergent_CNA_events.csv') for supporting events"	"ichorCNA CNA tracks; copy-number segments; subclone fractions; emergent CNA event summaries"	"external ichorCNA outputs; Sequenza/CNA outputs and longitudinal sample metadata"	"PowerPoint-embedded ichorCNA component plots; Emergent_CNA_events.csv"	"User confirmed ED Figure 10 was made from ichorCNA outside this repo and copied over; final PDF/PPT text includes sample IDs, tumor fraction, ploidy, and subclone fractions consistent with the supporting event table."	"confirmed"	""	"No missing in-repo plotting code is expected for this figure. The reproducible workflow preserves the copied final PDF and records the external ichorCNA dependency. Expanded from grouped panel provenance row."
"TABLE1_DOCX"	"main_table"	"Table_1"	"all"	"Table_1_Baseline_Clinical_Demographics.docx"	"Figures_Exported/Tables_exported/Renamed/Table_1_Baseline_Clinical_Demographics.docx"	"Figures_Exported/Tables_exported/Renamed/Table_1_Baseline_Clinical_Demographics.docx"	"reproducible_workflow/outputs/main_tables/Table_1_Baseline_Clinical_Demographics.docx"	"Edited DOCX/PDF export; original scripted DOCX then manual editing/export."	"Final Tables and Figures/table1_clinical_categorical_updated_final_3_DA_edited.docx"	"Scripts_2025/Final_Scripts/2_1_Clinical_Demographics_Table.R"	230	256	"Baseline clinical demographics table"	"print/flextable/officer export to table1_clinical_categorical_updated_final_3.docx"	"table1 clinical categorical summary"	"clinical metadata and cohort assignment tables"	"table1_clinical_categorical_updated_final_3.docx"	"Final renamed docx is byte-identical to the edited final-table copy, but not directly to the unedited scripted filename."	"probable"	""	"Manual Word editing/export is likely; final frozen artifact is preserved by the workflow."
"TABLE1_PDF"	"main_table"	"Table_1"	"all"	"Table_1_Baseline_Clinical_Demographics.pdf"	"Figures_Exported/Tables_exported/Renamed/Table_1_Baseline_Clinical_Demographics.pdf"	"Figures_Exported/Tables_exported/Renamed/Table_1_Baseline_Clinical_Demographics.pdf"	"reproducible_workflow/outputs/main_tables/Table_1_Baseline_Clinical_Demographics.pdf"	"Edited DOCX/PDF export; original scripted DOCX then manual editing/export."	"Final Tables and Figures/table1_clinical_categorical_updated_final_3_DA_edited.pdf"	"Scripts_2025/Final_Scripts/2_1_Clinical_Demographics_Table.R"	230	256	"Baseline clinical demographics table"	"scripted docx export followed by manual/exported PDF"	"table1 clinical categorical summary"	"clinical metadata and cohort assignment tables"	"edited docx and PDF final table files"	"PDF and DOCX final files are renamed copies of edited final-table artifacts."	"probable"	""	"No R code was found that exports the final edited PDF directly."
"STABLE1"	"supplementary_table"	"Supplementary_Table_1"	"all"	"Supplementary_Table_1_all_events_for_swim_plot.csv"	"Figures_Exported/Tables_exported/Renamed/Supplementary_Table_1_all_events_for_swim_plot.csv"	"Figures_Exported/Tables_exported/Renamed/Supplementary_Table_1_all_events_for_swim_plot.csv"	"reproducible_workflow/outputs/supplementary_tables/Supplementary_Table_1_all_events_for_swim_plot.csv"	"Not applicable; table file copied/generated directly from tabular export."	"Final Tables and Figures/Supp_Table_1_all_events_for_swim_plot_INDEX_DATES_privacy_protected.csv"	"Scripts_2025/Final_Scripts/2_1_Part2_Cohort_Swim_Plot.R"	684	712	"Privacy-protected swim-plot event table"	"write.csv(..., 'Supp_Table_1_all_events_for_swim_plot_INDEX_DATES_privacy_protected.csv')"	"all_events_for_swim_plot_index_dates_privacy_protected"	"clinical event and treatment date tables"	"privacy-protected swim plot event CSV"	"Current retained renamed CSV is authoritative; the currently staged old-name privacy export has fewer rows and is not byte-identical."	"confirmed"	""	"This table supports Figure 1A. Use the retained renamed manuscript table until the protected event/date/id-map inputs and exact old-name export version are reconciled."
"STABLE1A"	"supplementary_table"	"Supplementary_Table_1A"	"all"	"Supplementary_Table_1A_MM_disease_associated_features_catalog.csv"	"Figures_Exported/Tables_exported/Renamed/Supplementary_Table_1A_MM_disease_associated_features_catalog.csv"	"Figures_Exported/Tables_exported/Renamed/Supplementary_Table_1A_MM_disease_associated_features_catalog.csv"	"reproducible_workflow/outputs/supplementary_tables/Supplementary_Table_1A_MM_disease_associated_features_catalog.csv"	"Not applicable; table file copied/generated directly from tabular export."	"Old name/MM_disease_associated_features_catalog.csv"	"Scripts_2025/Final_Scripts/2_2_Baseline_demographics_by_WGS_heatmap_updated.R"	2802	2832	"Catalog of disease-associated genomic features"	"write.csv(..., 'MM_disease_associated_features_catalog.csv')"	"disease-associated feature catalog"	"integrated WGS feature table and feature annotation mappings"	"MM_disease_associated_features_catalog.csv"	"Final renamed CSV is byte-identical to the old-name export."	"confirmed"	""	"Supports Extended Data Figure 1 feature definitions."
"STABLE2"	"supplementary_table"	"Supplementary_Table_2"	"all_sheets"	"Supplementary_Table_2_SV_CNA_performance_summary_updated.xlsx"	"Figures_Exported/Tables_exported/Renamed/Supplementary_Table_2_SV_CNA_performance_summary_updated.xlsx"	"Figures_Exported/Tables_exported/Renamed/Supplementary_Table_2_SV_CNA_performance_summary_updated.xlsx"	"reproducible_workflow/outputs/supplementary_tables/Supplementary_Table_2_SV_CNA_performance_summary_updated.xlsx"	"Not applicable; table file copied/generated directly from tabular export."	"Old name/Supplementary_Table_2_SV_CNA_performance_summary_updated.xlsx; script filename has updated2 suffix"	"Scripts_2025/Final_Scripts/2_3_Feature_Concordance_And_Mutation_Counts.R"	2440	2469	"SV/CNA performance summary workbook"	"saveWorkbook(..., 'Supplementary_Table_2_SV_CNA_performance_summary_updated2.xlsx')"	"SV/CNA performance summary sheets"	"baseline SV/CNA concordance data"	"Supplementary_Table_2_SV_CNA_performance_summary_updated*.xlsx"	"Final renamed workbook is byte-identical to the old-name workbook; script section writes the same logical workbook."	"confirmed"	""	"Filename suffix drift exists between current script and final renamed artifact."
"STABLE3"	"supplementary_table"	"Supplementary_Table_3"	"all"	"Supplementary_Table_3_All_Feature_Correlations.csv"	"Figures_Exported/Tables_exported/Renamed/Supplementary_Table_3_All_Feature_Correlations.csv"	"Figures_Exported/Tables_exported/Renamed/Supplementary_Table_3_All_Feature_Correlations.csv"	"reproducible_workflow/outputs/supplementary_tables/Supplementary_Table_3_All_Feature_Correlations.csv"	"Not applicable; table file copied/generated directly from tabular export."	"Final Tables and Figures/Suplementary_Table_2_All_Feature_Correlations_updated2.csv"	"Scripts_2025/Final_Scripts/2_3_Feature_Concordance_And_Mutation_Counts.R"	1000	1030	"All feature correlations"	"write.csv(all_corrs %>% filter(!is.na(p_adj)), 'Suplementary_Table_2_All_Feature_Correlations_updated2.csv')"	"all_corrs; p_adj"	"baseline feature concordance/correlation inputs"	"Suplementary_Table_2_All_Feature_Correlations_updated2.csv"	"Current retained renamed CSV is authoritative; the old misspelled-name source export is not treated as authoritative until the exact upstream feature matrix/version is reconciled."	"confirmed"	""	"Suspicious code order was identified in the original source block and has been fixed in the cleaned source script. Direct recomputation from current aggregate inputs still has a row-count mismatch, so the retained renamed manuscript CSV remains authoritative."
"STABLE4"	"supplementary_table"	"Supplementary_Table_4"	"all"	"Supplementary_Table_4.csv"	"Output_tables_2025/patient_grouped_repeated_nested_cv/<combined-run-id>/Supplementary_Table_4.csv"	"Output_tables_2025/patient_grouped_repeated_nested_cv/<combined-run-id>/Supplementary_Table_4.csv"	"Output_tables_2025/patient_grouped_repeated_nested_cv/<combined-run-id>/Supplementary_Table_4.csv"	"Not applicable; the table is written directly from the assembled result."	"Output_tables_2025/patient_grouped_repeated_nested_cv/<combined-run-id>/primary_performance_summary.csv"	"Scripts_2025/Final_Scripts/6_13_Assemble_All_Model_Grouped_CV_Results.R"	360	460	"Assemble and validate 32-model grouped nested-CV results, then format Supplementary Table 4"	"write_csv(supplementary_table_4, file.path(output_dir, 'Supplementary_Table_4.csv'))"	"summary_tbl; publication_summary; supplementary_table_4"	"Three completed 50-repeat runs from 6_12_Patient_Grouped_Repeated_Nested_CV.R"	"primary_performance_summary.csv; publication_model_performance_and_legacy_comparison.csv; Supplementary_Table_4.csv; quality_control_checks.csv"	"The assembler validates the complete 32-model result and writes the manuscript table with the same values rounded to nine decimal places."	"confirmed"	""	"The manuscript analysis uses 50 repeated outer five-fold splits and five repeated inner five-fold splits; patient groups remain within folds."
"STABLE5"	"supplementary_table"	"Supplementary_Table_5"	"all"	"Supplementary_Table_5_All_Model_Metrics_Refit_on_main_cohort.csv"	"Figures_Exported/Tables_exported/Renamed/Supplementary_Table_5_All_Model_Metrics_Refit_on_main_cohort.csv"	"Final Tables and Figures/Supplementary_Table_4_All_Model_Metrics_Refit6_Feb2026.csv"	"reproducible_workflow/outputs/supplementary_tables/Supplementary_Table_5_All_Model_Metrics_Refit_on_main_cohort.csv"	"Not applicable; table file copied/generated directly from tabular export."	"Correct manuscript source: Old name/Supplementary_Table_4_All_Model_Metrics_Refit6_Feb2026.xlsx; CSV companion: Final Tables and Figures/Supplementary_Table_4_All_Model_Metrics_Refit6_Feb2026.csv"	"Scripts_2025/Final_Scripts/3_1_Optimize_cfWGS_thresholds.R"	2920	3190	"Training/frontline full-refit model metrics"	"write_xlsx(..., 'Supplementary_Table_4_All_Model_Metrics_Refit6_Feb2026.xlsx'); write.csv(..., 'Supplementary_Table_4_All_Model_Metrics_Refit6_Feb2026.csv')"	"frontline; metrics_youden; metrics_at_95spec; metrics_at_95sens; all_perf_metrics"	"cached model predictions and refit model objects"	"Supplementary_Table_4_All_Model_Metrics_Refit6_Feb2026.xlsx/csv; current misnamed Renamed/Supplementary_Table_5_All_Model_Metrics_Refit_on_main_cohort.csv"	"The training/frontline full-refit XLSX/CSV matches the manuscript text values supplied by the user: 74% sensitivity, 96% specificity, 84% accuracy, 82% NPV, 93% PPV, and fixed-95%-sensitivity specificity/accuracy trade-offs. The current top-level renamed CSV is byte-identical to the old test-cohort CSV and should not be treated as the manuscript Supplementary Table 5 unless the manuscript text is changed."	"confirmed"	"Resolved 2026-07-24: top-level Renamed file now contains the correct training/frontline full-refit metrics; superseded test-cohort-content file was archived."	"Current Supplementary Table 5 is the training/frontline full-refit metrics table. The previously misnamed test-cohort-content file is archived under Old name/Superseded_2026-07-24/."
"STABLE6"	"supplementary_table"	"Supplementary_Table_6"	"all"	"Supplementary_Table_6.xlsx"	"Figures_Exported/Tables_exported/Renamed/Supplementary_Table_6_All_Model_performance_nested_CV_on_test_cohort.csv"	"Figures_Exported/Tables_exported/Renamed/Supplementary_Table_6_All_Model_performance_nested_CV_on_test_cohort.csv"	"reproducible_workflow/outputs/supplementary_tables/Supplementary_Table_6_All_Model_performance_nested_CV_on_test_cohort.csv"	"Not applicable; table file copied/generated directly from tabular export."	"Output_tables_2025/expanded_test_clustered_sensitivity/Supplementary_Table_6_FINAL.xlsx"	"Scripts_2025/Final_Scripts/3_1C_Expanded_test_clustered_sensitivity.R"	1030	1110	"Expanded-test clustered sensitivity workbook"	"saveWorkbook(..., 'Supplementary_Table_6_FINAL.xlsx'); ms_copy_artifact(...)"	"data_sheets; patient-clustered bootstrap summaries; one-sample-per-patient sensitivity results"	"Current scored expanded-test cohort and preserved model calls"	"Supplementary_Table_6_FINAL.xlsx; exact scored-sample manifest"	"Current script writes and registers the final multi-sheet Supplementary Table 6 workbook."	"confirmed"	""	"The script evaluates preserved classifier calls and does not refit models or change thresholds."
"STABLE7_COR"	"supplementary_table"	"Supplementary_Table_7"	"Correlations"	"Supplementary_Table_7_Dilution_Series_Combined.xlsx"	"Figures_Exported/Tables_exported/Renamed/Supplementary_Table_7_Dilution_Series_Combined.xlsx"	"Figures_Exported/Tables_exported/Renamed/Supplementary_Table_7_Dilution_Series_Combined.xlsx"	"reproducible_workflow/outputs/supplementary_tables/Supplementary_Table_7_Dilution_Series_Combined.xlsx"	"Not applicable; table file copied/generated directly from tabular export."	"Figures_Exported/Tables_exported/Renamed/Supplementary_Table_7_Dilution_Series_Combined.xlsx"	"Scripts_2025/Final_Scripts/3_1_part2_Apply_cfWGS_thresholds_to_dilution_series.R"	335	364	"Dilution-series correlation sheet"	"saveWorkbook(..., 'Supplementary_Table_7_Dilution_Series_Combined_updated.xlsx')"	"dilution-series correlations"	"dilution-series feature and scored model outputs"	"Supplementary_Table_7_Dilution_Series_Combined*.xlsx"	"Final Renamed workbook Correlations sheet has the expected 25 x 4 structure and maps to Figure 3C/LOD panels."	"confirmed"	""	"Supplementary Table 7A is the Correlations sheet. The authoritative final de-identified workbook has 25 x 4 correlation rows/columns and a 9 x 60 Scored Data sheet."
"STABLE7_SCORED"	"supplementary_table"	"Supplementary_Table_7"	"Scored Data"	"Supplementary_Table_7_Dilution_Series_Combined.xlsx"	"Figures_Exported/Tables_exported/Renamed/Supplementary_Table_7_Dilution_Series_Combined.xlsx"	"Figures_Exported/Tables_exported/Renamed/Supplementary_Table_7_Dilution_Series_Combined.xlsx"	"reproducible_workflow/outputs/supplementary_tables/Supplementary_Table_7_Dilution_Series_Combined.xlsx"	"Not applicable; table file copied/generated directly from tabular export."	"Figures_Exported/Tables_exported/Renamed/Supplementary_Table_7_Dilution_Series_Combined.xlsx"	"Scripts_2025/Final_Scripts/3_1_part2_Apply_cfWGS_thresholds_to_dilution_series.R"	335	364	"Dilution-series scored data sheet"	"saveWorkbook(..., 'Supplementary_Table_7_Dilution_Series_Combined_updated.xlsx')"	"scored dilution-series model output"	"dilution-series feature and scored model outputs"	"Supplementary_Table_7_Dilution_Series_Combined.xlsx"	"Final Renamed workbook has the expected scored-data structure; it differs from one older workbook in sheet dimensions."	"confirmed"	""	"Supplementary Table 7B is the full de-identified Scored Data sheet. The older 67-column workbook differs only by seven raw identifier/date/path columns; all 60 retained columns are value-identical."
"STABLE8"	"supplementary_table"	"Supplementary_Table_8"	"all_sheets"	"Supplementary_Table_8_model_comparisons_to_clinical_metrics.xlsx"	"Figures_Exported/Tables_exported/Renamed/Supplementary_Table_8_model_comparisons_to_clinical_metrics.xlsx"	"Figures_Exported/Tables_exported/Renamed/Supplementary_Table_8_model_comparisons_to_clinical_metrics.xlsx"	"reproducible_workflow/outputs/supplementary_tables/Supplementary_Table_8_model_comparisons_to_clinical_metrics.xlsx"	"Not applicable; table file copied/generated directly from tabular export."	"Output_tables_2025/all_patients_with_BM_and_blood_calls_updated6.rds; Output_tables_2025/FS_cutoffs_table.csv; Output_tables_2025/HC_Ranges_Selected_MM_DARs_Metrics.csv; id_map.rds; Final Tables and Figures/Baseline dates for samples.csv; retained final workbook validates sheet dimensions/columns and shows only machine-precision value drift"	"Scripts_2025/Final_Scripts/3_2_Plot_optimal_cutoff_and_clinical_concordance.R"	2339	2818	"Model comparisons to clinical metrics workbook"	"derive baseline mutation counts; derive fragment/outlier flags; build BM/Blood train/test discordance tables; map protected IDs; compute days/months from diagnosis; write workbook as Supplementary_Table_8_model_comparisons_to_clinical_metrics3.xlsx"	"dat; baseline_counts; FS_outlier; Mean.Coverage_outlier; combined_discord_tbl; combined_discord_tbl_non_frontline; combined_discord_tbl2; combined_discord_tbl_non_frontline2; id_map; baseline_join"	"cached optimized cfWGS calls and clinical assay labels in all_patients_with_BM_and_blood_calls_updated6.rds; FS/MM-DAR reference ranges; protected ID map; baseline dates"	"all_patients_with_BM_and_blood_calls_updated6.rds; FS_cutoffs_table.csv; HC_Ranges_Selected_MM_DARs_Metrics.csv; id_map.rds; Baseline dates for samples.csv; Supplementary_Table_8_model_comparisons_to_clinical_metrics.xlsx"	"Workbook is regenerated from cached calls and source-script ID/date/outlier transformations; strict validation records known approximately 1e-15 machine-precision value differences in a small number of probability/month cells. No stochastic model refitting is performed."	"confirmed"	""	"Current Spring 2026 revision workbook: BM_Train 59 x 36, BM_Test 36 x 35, Blood_Train 60 x 34, Blood_Test 33 x 33. Training sheets are unchanged; test sheets include the revision cohort."
"STABLE9"	"supplementary_table"	"Supplementary_Table_9"	"all_sheets"	"Supplementary_Table_9.xlsx"	"Figures_Exported/Tables_exported/Renamed/Supplementary_Table_9_timewindow_results_test_cohort.xlsx"	"Figures_Exported/Tables_exported/Renamed/Supplementary_Table_9_timewindow_results_test_cohort.xlsx"	"reproducible_workflow/outputs/supplementary_tables/Supplementary_Table_9_timewindow_results_test_cohort.xlsx"	"Not applicable; table file copied/generated directly from tabular export."	"Output_tables_2025/detection_progression_updated6/prospective_timewindow_qc/prospective_Supplementary_Table_9_timewindow_results.xlsx"	"Scripts_2025/Final_Scripts/4_1_Survival_Analysis.R"	5117	5569	"Prospective time-window result workbook"	"writexl::write_xlsx(..., 'prospective_Supplementary_Table_9_timewindow_results.xlsx'); ms_copy_artifact(...)"	"prospective_results_BM; prospective_results_blood; prospective_timewindow_labels"	"Clinical PFS tables, follow-up dates, and cfWGS/clinical assay calls"	"prospective_Supplementary_Table_9_timewindow_results.xlsx; prospective time-window label and QC CSVs"	"The complete workbook contains 16 rows per sheet; the later reduced export is retained only for historical compatibility."	"confirmed"	""	"Supports Figures 3F and 4E and Extended Data Figures 6 and 8."
"STABLE10"	"supplementary_table"	"Supplementary_Table_10"	"all_sheets"	"Supplementary_Table_10_All_call_metrics_against_clinical_metrics.xlsx"	"Figures_Exported/Tables_exported/Renamed/Supplementary_Table_10_All_call_metrics_against_clinical_metrics.xlsx"	"Figures_Exported/Tables_exported/Renamed/Supplementary_Table_10_All_call_metrics_against_clinical_metrics.xlsx"	"reproducible_workflow/outputs/supplementary_tables/Supplementary_Table_10_All_call_metrics_against_clinical_metrics.xlsx"	"Not applicable; table file copied/generated directly from tabular export."	"Output_tables_2025/all_patients_with_BM_and_blood_calls_updated6.rds; revision-expanded generated workbook differs from the frozen submitted workbook; script old final comment mentions table 9"	"Scripts_2025/Final_Scripts/3_2_Plot_optimal_cutoff_and_clinical_concordance.R"	1113	2305	"All call metrics against clinical metrics"	"derive landmark from timepoint_info; build_metrics_frontline_vs_nonfront(dat); write_xlsx(..., 'Supplementary_Table_9_All_call_metrics_against_clinical_metrics.xlsx')"	"dat; landmark; metrics_tbl; all *_call columns; MFC/clonoSEQ comparators"	"cached optimized cfWGS calls and clinical assay labels in all_patients_with_BM_and_blood_calls_updated6.rds"	"all_patients_with_BM_and_blood_calls_updated6.rds; Supplementary_Table_10_All_call_metrics_against_clinical_metrics.xlsx"	"Workbook is regenerated from the current cached call RDS using the original landmark derivation, comparator definitions, and contingency-table logic; Spring 2026 revision rows expand the workbook relative to the frozen submitted version; script filename/comment numbering is stale."	"confirmed"	""	"Current Spring 2026 revision workbook has 190 x 20 rows/columns and includes all 38 *_call variants against MFC/clonoSEQ across the defined cohort/timepoint strata. Historical export filename called this Supplementary Table 9; final numbering is Supplementary Table 10."
"EDFIG5H"	"extended_data_figure"	"Extended_Data_Figure_5"	"H"	"Extended_Data_Figure_5.pdf"	"Figures_Exported/Final_Feb2026/Extended_Data_Figure_5.pdf"	"Figures_Exported/Final_Feb2026/Extended_Data_Figure_5.pdf"	"reproducible_workflow/outputs/extended_figures/Extended_Data_Figure_5.pdf"	"Generated EasyM reference-threshold BM concordance panel from 3_2 clinical-concordance workflow."	"Final Tables and Figures/Fig4_confmat_EasyM_reference_BM_updated1.png"	"Scripts_2025/Final_Scripts/3_2_Plot_optimal_cutoff_and_clinical_concordance.R"	1788	1812	"BM cfWGS versus EasyM reference-threshold MRD concordance"	"ggsave('Final Tables and Figures/Fig4_confmat_EasyM_reference_BM_updated1.png', p_easym_bm, width = 3, height = 2.75, dpi = 600)"	"easym_bm_df; ct_easym_bm; cm_easym_bm; p_easym_bm; EasyM_reference_threshold_binary"	"Output_tables_2025/all_patients_with_BM_and_blood_calls_updated6.rds; Output_EasyM_MRD_analysis_2025/EasyM_all_samples_with_optimized_calls.csv"	"Fig4_confmat_EasyM_reference_BM_updated1.png; Fig4_confmat_EasyM_reference_BM_updated1_source_data.csv"	"Panel H title, axes, EasyM reference-threshold comparator, and tile counts match the BM EasyM concordance output."	"confirmed"	""	"EasyM is defined here by isotype-specific reference thresholds: IgG >1% and IgA/light-chain >0.05%; old EasyM opt/any labels are intentionally not used."
"EDFIG7I"	"extended_data_figure"	"Extended_Data_Figure_7"	"I"	"Extended_Data_Figure_7.pdf"	"Figures_Exported/Final_Feb2026/Extended_Data_Figure_7.pdf"	"Figures_Exported/Final_Feb2026/Extended_Data_Figure_7.pdf"	"reproducible_workflow/outputs/extended_figures/Extended_Data_Figure_7.pdf"	"Generated EasyM reference-threshold blood/cfDNA concordance panel from 3_2 clinical-concordance workflow."	"Final Tables and Figures/Fig5_confmat_EasyM_reference_blood_updated1.png"	"Scripts_2025/Final_Scripts/3_2_Plot_optimal_cutoff_and_clinical_concordance.R"	2156	2174	"Blood/cfDNA cfWGS versus EasyM reference-threshold MRD concordance"	"ggsave('Final Tables and Figures/Fig5_confmat_EasyM_reference_blood_updated1.png', p_easym_blood, width = 3, height = 2.75, dpi = 600)"	"easym_blood_df; ct_easym_blood; cm_easym_blood; p_easym_blood; EasyM_reference_threshold_binary"	"Output_tables_2025/all_patients_with_BM_and_blood_calls_updated6.rds; Output_EasyM_MRD_analysis_2025/EasyM_all_samples_with_optimized_calls.csv"	"Fig5_confmat_EasyM_reference_blood_updated1.png; Fig5_confmat_EasyM_reference_blood_updated1_source_data.csv"	"Panel I title, axes, EasyM reference-threshold comparator, and tile counts match the blood EasyM concordance output."	"confirmed"	""	"EasyM is defined here by isotype-specific reference thresholds: IgG >1% and IgA/light-chain >0.05%; old EasyM opt/any labels are intentionally not used."
